/*
 Navicat Premium Data Transfer

 Source Server         : 127.0.0.1
 Source Server Type    : MySQL
 Source Server Version : 80013
 Source Host           : localhost:3306
 Source Schema         : bysj_fgs

 Target Server Type    : MySQL
 Target Server Version : 80013
 File Encoding         : 65001

 Date: 25/03/2019 12:47:01
*/

SET NAMES utf8mb4;
SET FOREIGN_KEY_CHECKS = 0;

-- ----------------------------
-- Table structure for fged
-- ----------------------------
DROP TABLE IF EXISTS `fged`;
CREATE TABLE `fged`  (
  `user_id` int(10) NOT NULL COMMENT '用户ID',
  `fg_id` int(10) NOT NULL COMMENT '拼团ID',
  PRIMARY KEY (`user_id`) USING BTREE,
  INDEX `fg_id`(`fg_id`) USING BTREE,
  CONSTRAINT `fged_ibfk_1` FOREIGN KEY (`fg_id`) REFERENCES `fight_group` (`pro_id`) ON DELETE CASCADE ON UPDATE RESTRICT
) ENGINE = InnoDB CHARACTER SET = utf8 COLLATE = utf8_general_ci ROW_FORMAT = Dynamic;

-- ----------------------------
-- Table structure for fight_group
-- ----------------------------
DROP TABLE IF EXISTS `fight_group`;
CREATE TABLE `fight_group`  (
  `pro_id` int(10) NOT NULL COMMENT '商品编号',
  `total_num` int(5) NULL DEFAULT NULL COMMENT '总人数',
  `current_num` int(5) NULL DEFAULT 0 COMMENT '当前人数',
  `start_time` datetime(0) NULL DEFAULT NULL COMMENT '开始时间',
  `end_time` datetime(0) NULL DEFAULT NULL COMMENT '结束时间',
  `status` int(1) NULL DEFAULT 1 COMMENT '状态',
  PRIMARY KEY (`pro_id`) USING BTREE
) ENGINE = InnoDB CHARACTER SET = utf8 COLLATE = utf8_general_ci ROW_FORMAT = Dynamic;

-- ----------------------------
-- Records of fight_group
-- ----------------------------
INSERT INTO `fight_group` VALUES (1, 55, 0, '2019-03-13 16:00:00', '2019-03-29 16:00:00', 1);
INSERT INTO `fight_group` VALUES (2, 33, 0, '2019-03-12 16:00:00', '2019-03-15 16:00:00', 1);

-- ----------------------------
-- Table structure for product
-- ----------------------------
DROP TABLE IF EXISTS `product`;
CREATE TABLE `product`  (
  `id` int(11) NOT NULL AUTO_INCREMENT,
  `name` varchar(255) CHARACTER SET utf8 COLLATE utf8_general_ci NULL DEFAULT NULL COMMENT '商品名',
  `photo` mediumtext CHARACTER SET utf8 COLLATE utf8_general_ci NULL COMMENT '图片',
  `price` double(10, 2) NULL DEFAULT NULL COMMENT '单价',
  `desc` varchar(255) CHARACTER SET utf8 COLLATE utf8_general_ci NULL DEFAULT NULL COMMENT '描述',
  `tuan_price` double(255, 0) NULL DEFAULT NULL COMMENT '团购单价',
  `status` int(255) NULL DEFAULT 1 COMMENT '商品类型',
  PRIMARY KEY (`id`) USING BTREE
) ENGINE = InnoDB CHARACTER SET = utf8 COLLATE = utf8_general_ci ROW_FORMAT = Dynamic;

-- ----------------------------
-- Records of product
-- ----------------------------
INSERT INTO `product` VALUES (1, '苹果', 'data:image/jpeg;base64,/9j/4AAQSkZJRgABAQAAAQABAAD/2wBDAAYEBQYFBAYGBQYHBwYIChAKCgkJChQODwwQFxQYGBcU\r\nFhYaHSUfGhsjHBYWICwgIyYnKSopGR8tMC0oMCUoKSj/2wBDAQcHBwoIChMKChMoGhYaKCgoKCgo\r\nKCgoKCgoKCgoKCgoKCgoKCgoKCgoKCgoKCgoKCgoKCgoKCgoKCgoKCgoKCj/wAARCADIAMgDASIA\r\nAhEBAxEB/8QAHwAAAQUBAQEBAQEAAAAAAAAAAAECAwQFBgcICQoL/8QAtRAAAgEDAwIEAwUFBAQA\r\nAAF9AQIDAAQRBRIhMUEGE1FhByJxFDKBkaEII0KxwRVS0fAkM2JyggkKFhcYGRolJicoKSo0NTY3\r\nODk6Q0RFRkdISUpTVFVWV1hZWmNkZWZnaGlqc3R1dnd4eXqDhIWGh4iJipKTlJWWl5iZmqKjpKWm\r\np6ipqrKztLW2t7i5usLDxMXGx8jJytLT1NXW19jZ2uHi4+Tl5ufo6erx8vP09fb3+Pn6/8QAHwEA\r\nAwEBAQEBAQEBAQAAAAAAAAECAwQFBgcICQoL/8QAtREAAgECBAQDBAcFBAQAAQJ3AAECAxEEBSEx\r\nBhJBUQdhcRMiMoEIFEKRobHBCSMzUvAVYnLRChYkNOEl8RcYGRomJygpKjU2Nzg5OkNERUZHSElK\r\nU1RVVldYWVpjZGVmZ2hpanN0dXZ3eHl6goOEhYaHiImKkpOUlZaXmJmaoqOkpaanqKmqsrO0tba3\r\nuLm6wsPExcbHyMnK0tPU1dbX2Nna4uPk5ebn6Onq8vP09fb3+Pn6/9oADAMBAAIRAxEAPwD1X4ce\r\nNrDxZZeWQttqkS5ltieo/vpnkr+o79ibvjjXtH8N6W1zrl7DaQtlU3nlz6KOpNfKunf2jZXkU9nH\r\ndQXEJ3JImVZD3wR0p3xKutU8eTWFzrMzQXVpALcHZ+7bkkuVB4Y5GSAc4HArho4lNWkzZuXYs+M/\r\nG+n6pcSSWUqJCH6Mw3/UiufsdRN3uNuTMQPn284P1rnT4QaDLXF/CUz/AMskck8+6jFasGLSy+zW\r\nv7qPvjq31NRW5HqncaTluTtqYich/lAHcdK1vDMS67ci1hu7G3Ygc3k4hX6DPU/SuYkjCk5IwfUG\r\nmGNh1GcnjjrWS5exMlFHudp8JLyQNLfavbJCDn9wjOXH44x+teQ+NoDpmrT2MLs0ScZbkn61q+Ff\r\nF+ueHwYrG6Z7U/etpTuj/AH7v4YrG8UzyavqEl4sexpOqA5wa2j7LpoyGk1ZHKSHDE11Hg7TJLiY\r\nSFTgmszT9Ilmvo1uVMUOckkE17V4bstItbJNl7ahsd3AqpzTVkyqVJt3Zx3ie1111jt9GVYoAuXm\r\nLgHjtXmE8ZaV/MZmlz8xAJ57nPvXr/xD8R2Wn2bWtjPHLczAgtG2Qg+vrXmNq0XlIZWcuwycd6VJ\r\nuMdjrjFXN3wPpzmxv5C2VO0Dn69q1NJ0pLm5eJ85Na/w4s5rjTtSuJYRFCxCxKRknGcnNWbRFtdW\r\nDYxzWDnzTaYNWOf1/wANS2KebCSV9Kxra48mB3cjIr1vxIqS6O7YGdteKalDKQ6jOD6VpGlzbmb1\r\nHpqP2mbrxmtASAgYOa5Bd8EuGH41t2dzuUc1dSny7GNVPc1gxyMHFbfhzUWtbtd54+tc9DKGxnrV\r\nqN+Ac8iuWS0IjKx7bpV7HdQryDUeu26JCW4HFeb6FrE1s4Xdxn1rp73U5Lu2GW7etcsabUrnVTqc\r\nxhy2u6csB3q3HDtUc0QMzHJ4qUKzfT1r0ISSNKi0uYfiCJQokA570Vr3dgLuIpRUTabOSzMzwZo1\r\n9408UrptteXAtUy89xuJwg6n8SQBXrvijQPBXgvRM3OnW8rkYjE486aZvbd+vQCsPwVq+mfDjwYZ\r\n7uNbjX9QbzDaxsN6L0UOeqjv65bpXl/ijXL/AF/VpNR1OVXnfhRGMKi9lHt/k5rROFKG12zaEJS3\r\nKWrXiXl2ZPslvaxsfljt1CqPr6nmsqeUA98n6cU+V28zCglj6DNDokX+tJZ/+ea8kfU1iu5o12K8\r\ncclzKBGp/AVOxgs2U3Eu5/8AnnH8x/wFQlr28k+zW0ewEZKrxx7mtjTPDsSSRtOXml/uKBtPtV8v\r\ncKeEnVeiMv8AtN5n2WNsoZjwWXef8KvX9lqD3CW8EzPHj5pD8gJ74HX8MV0V1ANOijjjVvPbkhOi\r\nD6fpmtGxtkSJN8RLkZUd8HGTQmlsj0qeUq15P7g8O2sGm28aS2cF7cMOs67uf/11s3NtYyBmms7O\r\nHA6QxY5/M1Rs3Bv40jAGeMnuK1YYoZL9yxLKBwFHfp0qW7nb9Qpw0t0OZvtE0me9DCzhfcARlOD7\r\n1dtNJ0tJHVbK1jwAFIiH+FdHLawSXR2x5IXaGxx9KoaJayNeyxvjYwOTjHPbFLnZsqFNxvbYvWmn\r\nxPYgQKVJyCAduD/SsnV9IliRZEwGB6b+f/r13Nla7eNwUdh3rKvLbyr+SHdsjlQtnrzn3pc2pz01\r\nF1GraHGypc3GIWlYoxICOxK1Utl8qXyniQHONpHB/Oumm0hmtTcK6ZVu3FUNRg+0IhKhyGHTrmqU\r\n33O2NClLZaFVrDeCUQjjlMcqfp3H61kzQwn5ZreGQ+rIDn8etdPpV154ETRjfH91mPPHbNS6zpMU\r\nlubqFQoY/OuOh9aXP0MJUYKXJURwkuiWc5Jg8y2fGeu5R+B5/EVnXen3Ng371d0Z6SLyp/wrqRBu\r\nlEbZU/wsOxp8RLqYJNu7oVx94eo7fhQ2efi8rhvBWOY0+J3kGK6u2hk8sdRUujWtoLxY5MRljxzw\r\nfxruINEUJjbwaXKjz6eGdN+8cEiMshBBxV1MNhAMf0rqbrRBGflXNMttKjyNw5NZVJchpJJbmVaQ\r\nqMbck0VuHT/s6l0GcdqKw9o31MbI8XmmLO5DMS3JLEkn3z61GttJOVLZRc8KOp+grsPB/gjU/EE6\r\niyi/cjG+5lGI1+nqfpXs2heAdL0CNXEZurzqZpRnB9h2r0aWHlPXYTqKJ4lpfgq+ukDSQ/ZIGHVh\r\n87D+dbF14e0vRbINPB59w/yoG6sf6CvXdSihtbeW4nIWONSxOK8a17UpNTvGuf8AVg/JEuSQo/8A\r\n11rOCpo3wtF4iduhjrBztgiUM33toxznoPYVr2NssMXmDGcc/Woba2WNE5IwucYP8vp/Ort1KkEA\r\nfqF+6OornZ9HCkklCJkrbSX2tIPmIXDvzwo7CuptLJVwAcF+MnsK5/RFL3cjE5z8xHrxW/POkLKz\r\ncAdMHAPHFS2bVIO6gihplvG+oXLxsFjQ7FJP51YikFvNM5G5eApzxnNQ6dfW/wBkmMnDMS209M5q\r\nSxkgkiKsSx6qOuaS1N+TV3XkXW1QHyQnLkfMe1W9Nm8xY3UZK9v8c1gSRsCXHJzjp04rY0SY29sp\r\nwMMuA3qRTkRVoRjD3TqY7iKUN5JDOozjt+FYXiR5BFbzRkg9CM9PpVu0tZjbNOmIwy/Qc1DrlvON\r\nGPmbc7hjaOlZ21ucVGnCFRO/Ul0wxXGnjzyrApnOPusPasbyykuVUu4429OavaC5Z44hggAEEDoT\r\n6/lWpNp8ZuW6hywbPrRsaSkqM5JnEXLPbXvmogBbj69q1LW8ivbOaNciUfNt+nWrfi6FIoY9ignP\r\nTHOO9YNgnkkbt2x2HIPH0ovpc6VGNakqj3K0URlZmGV2jI+tWrvTwXWaDAyN6leNp9atpa+RrTQM\r\nQY5FO0+xGRWnBEsGmyRsuJYm+XJ7f5NLmMMS9mjlzatcW/mKQHDHdj1Hau0+H3iEXEi6TqZxOP8A\r\nUyN/EPQ1y3nLDeqUIMc7bD7Ef1HT8arXls8c4ljzHNGwKNmrhOz1POxGH6P5Hsd9AgJ461iXMYjP\r\ny96q6R4jOp6erTEC4jAWRenPr+NWGvYZeNwBoxEE1dHizbjJxY5XDDa3pzRTUuLVVOWGT3orh5GQ\r\n5nqUUaQoEjRUUdFUYAqC5Kkc1JcSBVrn9e1RbGymnJHyKSM889hX1TaSOdJydkcF8U9bxIumwYwu\r\nGc/7WM/oOfxFeXwyma7JK/IOEUdvfn6VoaxevJcTzuWIGQcnPzHmsuzkItlfaSXIAryqk+aVz7DA\r\nYZUaeq1NwFwqnbud2zx6VHrJZ4BtHQ7R71LZuJJNz/wjnjkf5zVTUyftEELvgbST/n86zO+lH3kX\r\nNBtQtt5jna7gnI6nmrNzb/uX8xiSBlQvT8amt7RdlsjnaoX5SD7c0ssMUUUr+aSxBG2ovqTz3ncz\r\nfIH9lO7so5GABz1q1oNk0rDjocg85oaIfZo4tp5wdw7ZrbRGtwFjGCQB1704ms6jUWurMScHznZ8\r\n79x4xwRmtfRYg1tMGCkgnA/Cs3U1GMO21jyNvpVvSJBHE5DZI5qpXtoVUi5Uro27OZrm38h2KhW2\r\nsFqfUpTDp7Wj/MWAIJ64zUPh98edIPmG7H1NN1mczT7WQDgEcVn1PP5L1uW2i1KehtJGPMDYRZB9\r\nWHeurM6TxiSMY+Qk8cg9q5/SYBPkAiMAk4ArdiMEUJyU37MEdjSaM8Y4yldbnO6wiXz/AHznHzcd\r\nOO1c5ZyNGkqMQVPBB5rqdbi/iUKoYfKEPJ9q46XCvzy24gj096cVpY9LBxUqdjd1OD7RY291GweS\r\nHEbbeM+lPE2+RJU3n5dzY5HuD/Ko9IuYXt57Zg25l3evINSWAjSV9/EBYjJ/OoasYyg4pxfQyNWS\r\nNZHPCGUeYox0bApn2k3DQzkDJQByRgZH/wCutzxXZGXTkeKLHl4O8DHAqnZ2LSaUoAyD83HU5zSv\r\ncwk4zpqXyMiWR9P1M+Sx2Spng/5/yadAL24lJXco71Jq0PmWscm754yRz2x6++K7DwSkN1pCPIAZ\r\nEJjfA7itVW5YWZ4ePwycVUXTQ5fybiMfvCxorsdcs0WIsiEGisPbHk+zsehahOVB5zXmXxEv/wDR\r\n44GJ2u24j6dP1/zxXol4hdzXjPxElE3icW6EMIwF57Y5P6n9K9jETtE7Mtpe0rq+yOR1YtJEVQcM\r\n+Dj3OB69gahuCvlR+VjKkgc8k4+nt+tT6qFW3gUvwGB6AdBxWUjbBA24uDt4/wA+5rz2+x9vRp+4\r\nmjotLVxOGkTCooD4XHzYHFLdyCa7dhlRgAA9eean0ps3k7Mu1iwPTHQdP1qvfSCS54QhXkHPrSRM\r\nF77ua8jbUAQNvRMDJz2qjYzteSvbyA5B6j0qaWOY7CqKEQ7m9xUulxJBcHMe0kBi34UbArRi+5rl\r\nI1uEgTg8H6fjVm6DRSSDcXATpjvWXc3DGXEJXbxkn0qxeyPJARDIo+Xk55zUq5gqbvG5lXnylUYk\r\nsRkZFSadFvhOeCT09azJ3lZwVYsR13dzXQWCN9nTIG4c1tc9Ca5IIt6LPLbyyBciPGfxpb65lkIV\r\nVyc5DVLptysSOJY93HzZFIN0zFo8BgMgVNlucVlzuTQ7TJpre5/eEKrYB9K37RcW9zyhVSSprAWC\r\nSQK27DfxKetW3mkhtQ0Y5+4RjsaTRhWp870JdTMj225BHnAGQe3WuGuMeY7MMOxyDXf3kAXTshcN\r\njH/1q4LUYRHhyflJ4471UVZHZl1mmixoMkrajuQAjBDADtiupk0iWztQ7lW8xgfoe1Zng1vtF5Ig\r\nQbiNy7eMc129248h0fDKv+NYT0ZyZhXnGtypGA7+dZGCR1WUpg56VQ0VFn0t1XcJIm2nB9+wrSng\r\ni3fNgBgWLD/H9aztHiEV7eqr/LuDLzw3cf1rNbGCinTlb1K81mT56Nymcn2PvW58JzG+qXllIOWj\r\n3c/31OD+hz+FOEaSB5ecMo5J9sc/iaxPAt79h8UJMx2qk5Rh6hhjNVa6aOWonVpTXY9W1XTkkUhk\r\n+WiqOreJ7GMkG4QEds0VzOk+x4SZssFJPHFfP2rzpd+K7uR8A/MR33EtzXv9yTb2NzO3/LOJn/IE\r\n/wBK+b7h9upOzAqfLyzZ/wBvr79a9eu+bQ9HJoXcmUvE+5Y0Cg9Wz7dKzYYWfySoYbSq4YHHAOf5\r\nVteINj3UWTv3EA9xjqT9elPt7Nt3DqyZLIAO/qawdkfWU5qNJJkml3SSXb7EzkYyw96jv5ArRFSc\r\npK2P51JFCtpcRBmXl/vDtnpVBblTfLgfKsrE4PXmiIRinK6OjQBY4iX+UH5m9T/k1YeH5FmMnyuO\r\nTnFVZGjaHYn3ywO0HFXr4g2qIQQccZ7VEnZnM2+ZI577UHupUySg4AB5NXLLc8jjaemfmNZGkPnV\r\ngroGUsVxjpXUMTBfJsA2EDmr5l0O+raD5fIzr5Qs6EIfmUGtPSn3lVcEBjUOqyQ/ZwyssjEkAA/d\r\nNJpTszRhs8nt2pvYiT5qV2aWqZheQLkBu5pdJnKyhmG4gZ56GtDW7UG0j2424yT3/GubaXEIVWIb\r\nGMe1EdUc9G1anY6qUwysWcgMB8uKgukTbGd7EluAenWq+nlmt0IRmdMMcdql1bdLGsiLtQsBxVGS\r\nhaXLc19SleHTztxhEyxHXNeeaxP52Cd3HboM1293Kx0lkZWDFdxz3x61wV9maNwOGB6YqFK51ZbT\r\nSu/M2Ph9zrId22jaVPPevR7rbOGCHEe8ZI/WvNvD0OLQuGVX3jj1rtdLuzIgEiH5pOcdeOgrKe9z\r\njzSm5VfaR6aEWq2y2ttKyqQrEYyegxiqGjokrgrt8zyVxxwSCR2/KtbV0kNsWddytk5x6H/69ZGk\r\n74fszLGAZMqST1Baklc56V5UXd6mpZfvbN2YAdNpz05/xrk4ID/alyRldxY469//AK9dRZBWh8lj\r\njBIGO43cH8DXP3cb22tOhzgHb+eKpEU18ce6PKZdQubyZhPOxbJGSaKhuYDFqVyOwlbH5mivSsns\r\nfEzlaTTPsDxKgm8PapFtBL2sq49coeK+dJYd9wJpXHyoVA+mBX0RqbtLp10qjLGJwvudpxXzvdH/\r\nAE+PdyoVgR06E+x7VhNp7H0mSprmF1FIvtdm5GWLMCpxjIwKV5TAQSQFclRnp0ziqtzLvltnDFcS\r\ngfMRxxzx+dS6sxHkKWITc3IAPP8AjyKxZ9JCOiiV7+NUtUcE7y3rwKz4P9aMHqMfMa074JJaliE3\r\nH5SCMc5Bz+tZ5V4pyVQKF/hXoD6c0LY6aW1jXtQFvArsoVACSp5x0rVu282LcVJhzlTnJNcxo0rv\r\ncSyYO/IBx05rspsx2pdBvYdAP5VjPcwrLkmjm9HtmGtb1G0K+TniusltFnUSRkRsoIxnrXH3Vw66\r\nuX3lQxB54xXUfaMxpMmWZRgkjg/Si3UvExm3GXkZmpQLDCCqnk4znv3rW8NRggOcNIpB2+1VNVUX\r\nVsjQcnIynTBpmjPLBeKjfKe/pWu6HJOdFrqdnqoH2d0VdqsmSawrqwhFkjBcSOvft71o390s9uqN\r\nkAHaCrUy+CvpTvCRtQY3HmpWhwYfmppLzKvh9kW1mL5J+7xSmNkt33HMe7IUnkGq+gmRjIEQFfvZ\r\n9D61adDJbyEcZUknP6USdnodNRctRiaxdSx2kEeUPmJux6YwMVyt4ZCroBhWO7pXQX0B8m1BZSFX\r\nAxWVdym2fd8pJUgKRkc1K2OvCJRjpqybRR9rMNujBdhLcjg9667SLaQyw7VOFZiQ3f3+lcr4elYo\r\n0axq0uMIe4zXoemQi2gi3NukCDeOpzSlGxw5nUcG0N8RybbMDhmAGQBjBNc5p9yvl2hY5EcZYKe5\r\n3Guh1aJBZzSEsckZBPHtWBDaRjSlYMBO3AzwOTkD9RUpnn4bl9lZ9x+kurxL8jF95IPXkEHj86df\r\n2qPfT3G4EGZMj+7wal02aSz0mO4ZTiMsRzjJ3Y/pUiH7bcxLHhTPcIAPbHH86ta7DqtqUpLYseJf\r\nhfaXVsssMeycqCWHGTiivbpLdWUAjjGKK0jQqx2kfHSqRbu0cXKqmNlYZUjBBr57v4iuplGGNspP\r\nCjgEV9KzWACnGa8D8c2R03xTcxAFULA4xwQcnufcCppKorqZ72UVIubijjr+1CXAV8gcN16HAH+H\r\napZZTeBISNjLJnzF6nOMA/jWhf8A+kIXVgDtYZP4Y4rOtBsug7EfMgbHfPTt14rU+npSvG76F29C\r\nJbbV+Zn3FDjjoOtZM7yJtVlOWKhh1z710TQiTT0Dooxkgfn61hRrGZ0Hp94elQuxdCV0yTSDFBdh\r\nNpbzFzs+ldF9ohFqAhdST17DFcffvJBfJIi7ArcHrwa68BJrABimCuee59azqJjxEV7s31OZ1PjU\r\nHcEkDHJ711WmXQvTDAyZZehXgGsrVLFYiCp4Ax61b0UwQSwSRynf3BP51aV0aVJRqUk10N6azCTh\r\n0xtOAQo+7UFwwSSE7AZG65GOlXHfc4ljJ3dCB0//AF1m6hI894owRtwB7VMb3OOjzSdmW55xDKyR\r\ngNGPmZferV7f250p40i2F1wR6cVSMUAlXE2WzyKTU5Y7e1kVdzuRgnHHNaWsUoRk4oXwiwVpY3Zg\r\nT0HarBgMdxNCX2gsSD60nhOCMxvLKPukbR706+uEivdzZkJ68YAPpStdjnLmryUSprcv2eyt0Gf7\r\n2evNYVyfMVCxyccj0rp9UiFxY28wCj+HnuPWufvFWNCMAfMCCByfamonVhJrl8zR8KQ77s4BwuME\r\ndRXc2/7l4yz7VOSc8E1y/g9sSMQgyeT+AJrobxJQVGDknBYHgVE97HlY+TnWcWQ69frHbmNsFeo5\r\nGPb8aqXVs93EgRiBt2sPTkHr+dUfF/mK8ca5DZGOKvWjyiyV26tgntzkf5/GoSdhRpqnSjKPUn1r\r\njSYoYiAS6lSPUnn6VpeDbETeL9Mt2O8KxlOB3UZ/9lrPvSbn7LjBYuSPotdr8M7QS65dXu3AiiCf\r\n8CY//WNbUIXmonnYyt7LDyv5/ez1AIBRTfMor2OVHyF0Y0seF6GvHPjHpgF7aX2z76BB9VOcfqPy\r\nr2+fbg9K4n4lacuo+F7gRjMsBEyY6jHX9CaipRTi7HZgMQ6VeMj5+tVWbarnKoSQeMY/xrOucefE\r\nIgWIl4CsByQMg+3/ANetO6VVfeoZd3+sXHA/D8KztThR2dFDFWUsD6EZIrzD7qlK7NCKbkBhtXjA\r\nJ7kdvyrIvQwvCirgMQCPY81Hpc3yxSPGjPHldozluuK0XQO0qiPZIu0kE5NS7m8f3b1MzULVhEMO\r\nXVe59K1NLkL28MKyAbV7/WnXEIFs7OUCAY54yaq6BIFmBcbwOCvcD1qXqjVy54ehsajvjgYIOAcE\r\nms3SIRIeSdxPAJrV8QOr6YGRcAHHr/nrVTw0Y9zllIPZs8CnHYVKb9g3Y6hpVjj8kgByPlx2OKw9\r\nalljaJmJ3bcZrWkWVYHn2rwmSp5P1rmdTlmvpMFW3YAAX1pLczwcbzv0LOgzs88m7oCB710uqLE+\r\nmkDZG74zxzXNeFIo2SYSN+844Jxitm8nZJFE+wRFccDt71RpiFet7vQuaXGBCPKYlNuc9Dn3rNvJ\r\nSL14Wbccc+xqbRpT8+xwkeOMnJ49qyZZVOsEhiwDckc1SFTg+eTfY3ZZCkXkSD5FCkbelc9rd0Hu\r\nAqjCggkHiuj1a4QWkQixuc5yT2Arkb9HnuWYZK55b05oReDV/eaO28EYS2lkccMeMDtwP5mtt5/K\r\njdJCC7NtA3dfyrKsFWz0y2SHCSFQxwM4/wA/0qW7iZTtDjc6htz/AK/nUPVnlV4qpVcn1M7WZh9p\r\nAchnJGCOw/zitOxjZ4jFCWGwYye2ckj+VZt0onvU8pRuDBQp/Mn+VXLaU2tvITK6kkvxz82f8/5x\r\nQzSovcSW5qQWyxzwhif3cZ6AD0yfxrc8CeKtLtPttmtwhuVmPmjOMEADH4f1rk9Qvk07RLu9lbJR\r\nSB/tH/654rwm1vLu31GS7WRhLKxdyO5Jya2w8+RuR8rm9dpKmfbsOv20ijbKpz6GivlS18X30Fuf\r\n3pDEdiaK6Pry6o8iMVbU+uLxiAcVj3BLhlcgq3BFXbmZjkYrOMcjPnPFemkupF7HhPjTS20vV7q2\r\nZW2Nnyz6qen49vzrm47pJYcMijHHHJH4D25/OvaviVokmoaV9qhX/SLYE5HUr1P5dfzrxRIWWVui\r\nPk5GD0H/AOqvIr0/ZyPtcsxMa9FN7oqaaqwXILYKlto7AjPXIrRbAMhIIJ43KOT7VSgjVnWORSwb\r\nJyrYPHoe/OD/APrp6STLK2/BjGVILHIHbn/PSsGj1nLmdxEuvOjaAthc4ZjjBIPH/wCqqNrc/Zr9\r\nFdSFKlcL1PrTZiYbnzYmzkgsC2B7n2p88X2mZJkVnGAVJ5pNG8LLToza1OdTZyICxjUYXBqr4bfZ\r\ncPlT0B4HWp1JNjJHOA52YBA/WqmjZt7qOYv8pBDA1KWlhw/hyidjPKxsZZY142nKt1rntNbzbmVH\r\nPLLwQOh9q3Eurdk3SFXjbjAPaojFEC32dQqggZpRdtznoz5E01uY3lyaVcSk8pKowW6ipppy+nYk\r\nJYKeGB6VPqVu+wK7r5m4HOe3+e1VfL/4l1wz4GeFHTjPpV3O6MlNKT3NLSnHnPIsOFRNu8dzUWgW\r\nyT3xnY/KpyE/vGrenGGOz2K64K5Y9xkc8VFYNtkUwIj4J2gcnFNmDm/fsLrc2LllwVIHT0rK0vdd\r\n3ZjX5geWycU/WrhxNJI3zYHIPT6VP4Rifa02QCefw9KDaL9nQbNyO8e3u2klRmii+VQox7U0Xglk\r\nkllbEY4GTgkZzRtW4ZYiyqu7cM8kDH9aWa3ihSDGwAZVi3c//W9Km9jhvC+q1J9KmVZZHKKrkb42\r\n9uuP1p7iSS9ESvuKNuZugBP+TVeGRLeRgzAFuFAGSR1x+Jpby7ews5riRS87keWijqegUUldvQ5M\r\nRUVK9R7WOY+I2rxtPHpVu37uL5pPTPYf1/KuFbbuwMEV1V14Q1eWN76+BjeUlySMnmuVlt3t7kxP\r\n94eldLpypx1Vj42vVVdubHP8wAFFPWMnHHSiuBvUwSPtplRvQ0q2465qvASec1bUnAOa+mMSpcwq\r\nVIODxXhnxB8OPo+om4tgfsMxLL6I2Oh9v6V71Ku489KzdS0u31C1ltrlA8Ui7WB/mPes6tJVFbqd\r\nWCxcsLU5lt1Ple4PmKdoCkYBCjCqeM4496sQXCxSxeYGcyDayknOe3866vxn4OvfDl0HVXls23CO\r\nQcBgRwp9D7dwK5O4tiyFomRscrlfuk9Qa8yUHF2Z9pRxEK0FKLuiveWyIpf5iVIJQr/Pt1FS6bLv\r\nsfKXIIXGf8+1LC5kzHMmSQVXkgYByB+HNEcBh+fJVCwG055HY/rWbidPtNLMsWyxLNlMkkEMmeMV\r\nJHYROZ2g6sSSp6j6VAshi3oSFY8YweDU6yeSWEzHYeQ2SMVm12NYzfTckt7aaCTYRmNgDknAA96u\r\nzQ/ZovlDMXznA4NVvtDrbs/mZVsEEc7v8KX7Sx+WQ8qPlHfv/wDWqHcd5SepLcEFHjCFVTDAHlqy\r\n7u522u3BJZzwOgBpmo6m9rIUfduwCe3ftVvT2W7/AHuAYwMjgAt0/wA5px0OqmnTjzPYgE+28USY\r\nSMISuTx0rc0e6URR4bB+9tP8OazJbRHmUZZ3DfvOMkHrRdymFTDEyjafmZQAQBxirWpNRxqJJGZr\r\nE7z3LKAd5Y/T06V1vhxFTTxDHuHB3k9Sfb8TXMaZAt3O7DlFPpnNdDbmK34j3u20KgHG31ok+hOK\r\nmuRU10NVkgtYGf5WlOAMHBGM8imJcCdGmkAXAyu7ke5NY17OssbRRgliP4ei4NSWsSSQGW5YxWyc\r\nlt3GB61CTZwSioR5pssWgXD3k7IkSA4Zhwo5+Y1U8NeILTVdWnm3Dy4GxEG7j+9+NcH4+8WNqh+w\r\naaxTT0+8RwZCP6VyelX9xY3KvbSFDnHr+ld+GShLnkfK5tmDxD9nHY+ovEV0LjS3kjI2BeDXhd+y\r\ny6m5ByAeSK6W31DVNQsVhmykWOdgxnjvXOXFv9lupV6jNaY6peOh5MU3oRk4JxRTCwwc9aK8Y2tY\r\n+zoeByKkaTaOtW2t8A1n3aEKa+mOa6Yx7kE9cmp423AbaxGDeZgVt6cFVQScmhMTVhby0ivbV7e6\r\nhWWFxhlYZBryDxd8M5rOSW70ctNDyTCT8wHp7/XrXt2eM5rmPGWt2+laZNPPIFCipnTjPc6cNi6u\r\nGd4M+dZrGRG2sGjcf3hjBp4RiAHAznceeCfUfkP1rK1rxNc6lqkk9tI0aE/XI96qTa7dxQliIyfU\r\ngj+VeVNxjKyPajnEGvfVmdBdaeJMyoAZAMAe3+NQLEzbopkbdtwOeM+9cTb+I9Y1C+8iGURp0+RB\r\nn866fytVtbVZElZ2PaX5x+tU6N1dG0M6itLOxdjYw2oiQBwD/e6Y7/nTUu1YmVxJkDHsOMdK0NCt\r\nrjUgEmhRCeMqTj8qh8RQw+H1b7SzhCeWQZP61n7CTV0jup5vh5buxz1/az6lfM0ciiPopc9KuaWZ\r\nYkxuHmxqAo9ccf1qPTJbfVDiwkcr/wBNFxWlqGnR6fC95dXKDA+6goWHk+h2yzjD8nK5qwsxaNWb\r\nO1pDzJnOfbiskszTHYxUZwpzgkZ61yuqePJPNaG0toTGnAaTLH+lZTeLtVAJjmjj9ljU/wAwatUJ\r\nI8+XEOHp7XfyPVrJGtkIVSS2PlBwT9TVtCxiILbE6vg4rxN/FuuEnGoSLn+6qj+lZt/qt/fqFvLy\r\n4mUfwu5I/Kq+rX3Zw1OIIvVRZ7DqHi7RdILRxSJczDjZD83Pu3QfrXLat4kvtbUiZ/KtxysKHj8f\r\nU150pw2a29OuNy7c81fsYx2PIxGZVcS7SdkWJSoJySa91+Fnw50/UdPtrq8hWWSQBvm5xXhNwuGy\r\nOlfVPwG1aCfQLdSw3qoBBrrw1tbnPV1iQfFGC18KaNH9lt1Esh2AqcfjXhUty00heUku3Jr2b9ou\r\n8SSTT4d2SGJwPpXiJbA4rz8dNyqcrKpaRJQcg0VGrcdqK4Cz7tMm5T0rOvHUDnFFFfSo4zCklUTE\r\nZ5zWnYzjbjPP1ooqEynsW7m7RISSwH4183/HbxnFLKulWsoY53SkHoOwooqpu0GQeT6ZeqzgZxWl\r\nfHNuQvJPTFFFeRUiuYpO5s+AdDJuhK8fU5zivSb+2RgsYTgCiiuuL92xstkbHh6zjiQMFFeY/G1p\r\nIRuwduaKK12iTM8nsPEk+nMfKzg1Fr/iq91SEQbmWPvz1oopQIVSTMGBDkVdaFwgYqcUUVEtxJcy\r\nbZAY/mpki4oopp6maI+cgYrpvDmmPON5HHUmiilVdkaxSLt9a7WIA4FdH8OdfuNB1FAshWEnkZoo\r\nrmpVJHVFXRpeNNcn17V2mnfcijCgdq58Lj3oorkqybk2w2EUcHI+bPBz0ooopJiep//Z', 8.00, '苹果，是水果中的一种，是蔷薇科苹果亚科苹果属植物，其树为落叶乔木。苹果富含矿物质和维生素，是人们经常食用的水果之一。', 6, 1);
INSERT INTO `product` VALUES (2, '香蕉', 'data:image/jpeg;base64,/9j/4AAQSkZJRgABAQIAJQAlAAD/2wBDAAYEBQYFBAYGBQYHBwYIChAKCgkJChQODwwQFxQYGBcU\r\nFhYaHSUfGhsjHBYWICwgIyYnKSopGR8tMC0oMCUoKSj/2wBDAQcHBwoIChMKChMoGhYaKCgoKCgo\r\nKCgoKCgoKCgoKCgoKCgoKCgoKCgoKCgoKCgoKCgoKCgoKCgoKCgoKCgoKCj/wAARCADIAMgDASIA\r\nAhEBAxEB/8QAHAABAAIDAQEBAAAAAAAAAAAAAAQFAgMGBwEI/8QAPRAAAQMDAQYDBQYEBQUAAAAA\r\nAQACAwQFESEGEjFBUWETInEUMoGR0QcjQlKxwTNykqEWJFNigggVQ6Lh/8QAGwEBAAIDAQEAAAAA\r\nAAAAAAAAAAMEAQIFBgf/xAArEQACAgIBBAEDBAIDAAAAAAAAAQIDESEEBRIxQSITI1EyQmGxFBYz\r\ngaH/2gAMAwEAAhEDEQA/AP1SiIgCIiAIiIAiIgCIiAIiIAiIgCIiAIiIAiIgCIiAIiIAiIgCIiAI\r\niIAiIgCIiAIiIAiJlAETKIAiIgCIiAIiIAiIgCIiAIiIAiIgCIiAIiIAiLVLKyMZccLWU1BZkxjJ\r\ntWmWpiiOHyNB6ZVTcblIBusw0c9dQufrLuA4NYMnn3+K4vK6zCtuNey1XxZS2zq5bnEzhj4lR3Xl\r\nreJYuJmrZJnfePw3oFpfUM3SBqVx7Ot3N6kWVxoL0d02/wAOfOBjsrKjrIathfA8OA0IHJeYxVco\r\nADWE+pwr7Z+peysjcSGlxDXAHiFb4HWbJzUbNpkd3Gio5idyiBF6koBERAERR66tp6CndUVk0cED\r\ncb0kjg1rcnGpKw3gEhFhFIyVjXxua9jhkOacghZrICIiAIiIAiIgCIiAL4ThfcqLVziNjsHHdRXX\r\nRqi5SMxTk8I+VVUImkDVy5O836Klcd52S78X7KLtFe9wGKJ2XHkOK5Sd3jnek1LeGV4zqHVJ3PCe\r\njp00KG2Tp7nPVb2+d1udMcwo/jchwUOSdsbSXENA7qBTVNVdZXRWmHfa04fO7SNvx5nsFw+6U3ou\r\nRjnZcSVTI2kvcB6rTTVFTXO3bfTSTjgXjysH/I/srC37PUtKRLcZDW1HHDxhgPZv1V4akCMNia1r\r\nRpgcFJDj+5sw5Rj4KuksdVJ5qurZE38kAz/7H6K6oaGmpNWeI9/VziogrGtbkuwRyBWl9e5x8mQO\r\npU8ZV1fp8kbzLydlR3kAHx3ZaBnIGqt6WoiqoWzQPbJG8Za5p0K8wqrtT2yA1NdUNjbndaHHVzjw\r\nAHM+iutg7l4EhopWuYypPixBwwQ4jJafXiF6bpnU5TlGq337OfyKlHaO6RfM6JleiyVCr2hvdJYq\r\nF1TWPOp3Y42+9I7oF+VPtW2wue0O0L4Lk7waKJwDKYOO40ci78xXtP2tXb2mSGhp2Nc2CTeMg475\r\nBGAvz9tzSzTPZVBp8Rg3Jc+bI5H4Lz9vU1bynQn8V/ZeqoxX3+z1P7DvtEp7fI6x3edzKOR2aWV/\r\nuxu4FueTTy/+r9BtcCMggjqvwJSXIQGMNySOIPBfqb/p/wBpq6+bOVFHccvNEWthldxfGRw77vDP\r\ncLqUXdrVcv8Aojurj2qcT1dERXSqEREARF8OBxWG8eQfcr4XADU4USpq2sy1pGe6hurRJMyPILnH\r\nCoXdQhW8R2yWNUnssXzAjDD6lcltNd2wRODTrwAzxKsb3c2UlO9rXAYGXFea1tU+sqHSyHDfwjoF\r\n5zqvUG/jnZb41X7mYeI58jpZCXPdqSoFxuUdMA0ZfI44axoy5x6AKNV1k9TVtoLXGZ6p3IcGDqTy\r\nC6Oz2OnszDUVbxPcHDzSH8PZo5BcBQb3PwX8KPkg2nZqS4f5raGXwqcHy0jDgn+c/sF0RqqenjbB\r\nSRsjiYMNawYACoq+veZsAnw88kZIdzIGp6lJWqKwjD7pFga0753j5OSwfWlxwwYHVQHjOruIVTcL\r\n/BTS+zUzHVlX/pRfh/mPAKFWTseIIlhVkvvE3Xuc44GMnKrJ7zLUT+y2aA1M50MpyImep5nsPmtF\r\nvs9fd3tkusuIuIp4shg9Txcu2t1FT0LAMMY0DQDRb1VrOXv+hKUY69kHZ/ZpgmjrbuW1da3VskjA\r\nRH/KOS6mjpqee800xaBJC7LSOZxzVPU3PJ8OE45YHNbaWpdRubNIcS8Wsxk+vZdPjcqFVkX6RVtr\r\n71s72onjgiL5HYaF5rtjt26na9tKQ2Jmd9xPujr3Wq5189Vv+PO4tJzug8Fwe1kW/T+Gxpe+Vwa2\r\nMDJcegCs87rs+VJVVfGP/pDVxElvyR6a5SXy4QSZkbTsd47y7QkjgPmolbDC+6CN2m/G7O71BCtK\r\nO1z2q3xsqGNbNvB8mucDkPVcy6Y/4gbo4hgJJ45yuTBJzah4Rs65xeIeiRLbI6LenDGSQbwBcWjL\r\nSf1C7b7Pbqy1XmCUuIgf93Jrpg6Z/QriNo5qhtjqDTsLsFrwxp97B4fqo9vuTqGjopa8NgZVZEeu\r\ncOH4SevNT1O3EboPMk/6K8q7bFmTP1u1wcAWkEHUEL6vOfs22tZU0jaGvkwWgCGRx94dD6L0Vrg4\r\nZBBHZe84fNr5danB79r8FWcHB4Z9REVw0PhOBqufv17ZRkRh43naHspV9uDqFsfkJDho7lnoV5ff\r\naipnm3XHLS7JAXnusc+VP24lrj0922XFbfXEucXENA0OePoouytwkn2jMssjnAQybrSeHBV1Laa+\r\n5EeyU75G8AeDR6kqdJZLhs3TT3WZzKl7Gbns1M3ecATq7JIzjoBzXmapXWzVmNI6DUIxab2Y3+uf\r\nVVDom53QcuOePZc69tTcq5tstYzM4ZfIfdhbzcfotFw2ipmMyd4VEpwIh5nbx5aLtKGni2ctHgjD\r\nq6bEk7+bndPQcFGouybsn4Mr4owpKW37L0BhpB4kztZJne9I7qfoqmorXVjySTgqJXVBnlG+/Vxx\r\nlfImhgySqt9zm9eDeEc7ZIfGHNIPAhQq2vprbT71RIGgDRvM+gVRetpRFK6ktrRUVfA491n8x/ZR\r\nLXZZqucVNzeZ5Tr5uA7ALVVPHdbpfj2WowSWZGTqu432Qx04dTUnNw95w9V0+z9hp6GIBrAOZceJ\r\nW+jhgp2NAw0BZy1bnv8ADiJ7NaNSjsWMY1+DSdjlqOkW5qIoIvIRkclD/wAxWSeTzO68gvsFmnk3\r\nZKouYziIxxPr0VqyLwot0ENaNA1vBSqM5r5aRC8I0U8MdGD4Z8SfnIeA9FGqajG9jJJ4krZM8Nac\r\naKnragRjOrnE4DW6lx6AdVFZL9qCTka6yqEeM5LiQ1rWjJcTwAHVXlotDKEe11wa6uLdBxEIPId+\r\npTZ+zGicLhcw01xH3cfEQg/q7qfgFMr585GdSpI1KqPdLyG/SKa8gTRPGBqcLjLBZDV32tnJIZH5\r\nWnuOP64XT3msZS0skj/wjTueilbN03sdrM0ow9/HuTqf7rSlvbXsxtLRVSWkB+HYLckOwOIXIV1v\r\nhpr7TWytZ4kIeamm3hkZxj5jK9JxvgE81zm21K1//aq1oG/T1G6Tz3XAg/3wt6JOMms6wxDTwTKS\r\nGKek+4G68DyngQV2mzN+npnMhqXFwHvZ5jqFxNG4MGWgDTip4fu4lYTkFa8bkWceasqeMEc61Jdr\r\nPaIZGyxtew5a4ZBRUWxdX7Ta9wnJjOPgUX03i3K+mNi9o4849smizukPj0roy0OaeIIXHR7OULKz\r\n2qeqn8AHPswdlrz3zy7Bd28AsIPReeXinrrWXsaDJTe61wdkep6Fc3q0F2qfbnBNQ94yTbntAYG+\r\nFTBkMTRgBoXHXa8y1AILnHuSo9WJp3EmQNBPqo8jYYIy6Z4AHEvOF5C+6217L8Ixj4K210LJ9qbf\r\nK+NrvDkMzv8AiCR/fCtLtcKurcXOY5srjncPL1VDW3+jpyTC8l7eBaOar7K++bXXIUlLXSQtawuk\r\ncw4DWDrgceSQrnZDtekTbe2dE+SC3QePcZ2tfji7j6ALnK+6V15kMVG19LScC/g94/Yf3WD7HNTV\r\nL2TxSSTNdgueS7+5VnT0/hMAxk/lCgk4VeNssQxEwtFpp6Tc3Rq3VXrZwwYYOyl2rZ2tqWsknApo\r\nTrl/vEdm/VdbbrTR24h0UZfN/qSan4dFpGi2590jWc0/5Odt1jrK14dUP9li4neHnI7D6rpqSipK\r\nCMtpIvORrK/VxWc8m48nOMa+qhS1ZJOvHorChXSv5IW22SJZN3UkE9VBnqOOqxDZ6l27Cxzz2VhS\r\n2FzyHVj91v5GHU+pUf3LtQWhqPk59wnqpvBpYnTS/lbpjuTyV3Z7BHQOFVXObLWY0x7sfZv1V21s\r\nFHEIqaNsbR+UKBVVJOmM5UsOPGnb2zHe2seER6yXecXchwCpaubdy4nBW641jYsjILhx6BcnVVNX\r\neK9tutTd6d/vP/DG3qVTm3bPtiSQj7Z9jhl2iv0NNAM0tK7flcOBfyHw4/Jd7WU8UUDImjRowt2z\r\n9jp7BbGU0PmfjL5Dxc48SVHrZQXkK1Kv6ccGrkpPRWyAcAMKh2pINuDDzkZj5roJcYOVyl9mM9bD\r\nCB5Q4vP6BU/DMwWWZxAiJu72VjFrCVCGGsAzqeClxgth16KOHgS8nc/ZpIXNq2500KLP7M4DHR1L\r\nzzcBlF9I6MmuHDJxr/8AkZ2hGQqevg3nHI0VytcsYcCuhZBSREng4G87Psq2Ex5jf1bouIuOyUjX\r\nkyl7+5OV7RNTdFBnow4EOblcu3p9Un3Y2TK6SWmeE1uyrXNIwVebDNp7VbKqO3OZ479Kg/8AkDgT\r\np2bjGO+V6JWWeOTe8mPguZrdmJIZ5J7fIaeZ4w4tAw/1HNc/l8B9n2/JvXyJZ+RRPinqqpkMLC+W\r\nR2AOvcrp7TbKS2HfJbPV85caN7NH7riJtov8ObQMtNcA6rqWD79rf4YJ93HfTVdKKs48p49V5qyE\r\nuK07FtnQjLu8HUPqWE5PHudV9jhqZsmNm6083nC5ex363y3WopJHv9phdu4cPKdM6FdRLdWAayMa\r\n3u4KxGWvuaGfSPptYJzNOT2aFkLfRN95rnEa6uKim604GfFafjlR3XiAE7pJ9BxWHOlGcMuhO2PP\r\nhMa0dQMYWt9SX6g5VDNd8/w4/i4qvq7pK4YdJut6N0UM+aorCNlWXtZXxQgh8mXflbqVztzvPlOH\r\nCNnQHUqgu95ip2EOkwT01JUnZ7ZWvvz21F0D6Sg4iI6SSDv0H91Cvq3v8InVcYLMiLSx1+0tWaa2\r\ngtgacSTkeVv1K9JsFlotnqHwaZuZDrJK7Vzz1JUqlgprXSsp6KJkUTBgBoUSqqS53FW4wjQtEM5u\r\nzXo13GtectjIVXvOOrtTzW+QguyQM9VAqJuIZxVWybmzXJqrqhsURLnADC5ijzNPJUv1Lz5R/t5L\r\n7dql1bWmlhO81v8AEI4Dt6q0o6bdY3RV5aJUu1ZYgg3iHPC2VcnhtaAM5OFKGjeCl7PW03W7Mjc3\r\nMMLg6Q45jkpOPS77FXH2QznhNnoWyNIaSzQhww943iit4g1rQ1gwAMAIvp/HrVVcYL0caTy2zNER\r\nTGpi9ui0PYpK1uGVpJGUQZYwQQockQ5hWjmrTJHlQyibnle3X2aQbRX2lu8NS6GphxvRuHlkx0I1\r\naeC+nZ2up/IYi5p5sdkfVelSRkKNIxcnmdNr5LTn6Jq7XDweD3PYuvo9oxdHB3hOk3mRk4DTjBHr\r\nnUK/hByN4EEcQV6bVQskY5kjWuYeIIVDVWancTuZaOnFcjn9LsskpQecaJ6r0vKOZEmNAvrpgxhc\r\n44VXtfdWbO1sEEtDPLHKMtma7DfTGCc9lrp6qqrKcSxUM7YyM5cDouJdwrK/1ItQujJ4N1dc3RjD\r\nBqq6mjvF7lMdBA4tzh0h0aPUroLVYhVObJXlzY+PhDQu9T0Xa03gUsLYoWNYxowGtGAEopXmRY+s\r\norSOf2a2IpbbK2rrpPa63jvuHlYf9oP68V1ZlbDHusJ+JySoM9aGg66dVWT14J0Oe6sOxRWiGUnL\r\nbLGpqgASSq6oqcAk5Kgmd0jy52cLVU1LIWGSdwYwDLiToAq8pORjPpEuSckYGnquZu92dJK6itx3\r\npeD5RwZ2HUqDWXipur/Z7e10MB96Y6OI7dPVWVqtkdNGA0fFaSah58kkYqO5C1W9sDAMZPEk8SVb\r\ngtaMBfGNDdFhuOkk3WaDm7ooYxlN49mkpe2SIYn1EjY4veJxkcl6Hs9QxW6jEbMF7tXuHMrmLNTs\r\npwCB5saHouko5i0jXRex6Pwlx13z/Uzn329zwvBfRu1RaoHZwi9LF6KjRLREUhqCsSslisMyjW4L\r\nWRotx4LU5Rvwbo0vAUaVjeilPUd41UMkZIM0Q7qvqY93urSUZOqhVOMajVV5xRtkqZmNcfM0H1GV\r\nGljLhporCRueS8x2+ut92aukUlGZKu3Vjyd6Vu82B3NoxwHTK5nLrnKtqHk3g/kdnJKYjyWmasLR\r\n1z0VJSVklXGJHPBDh7o4BTY2Z0J+a8mm3pHRysH19RJKHaEDuUYw+GC44/RKuVlHSTVEjXOZEwyO\r\nDRkkDouIO1b71ltGDBCDulvF49eil+hPt7mtCPzeEdTcLtBSncb97Nyjb+/RU5gqbpM2SufmMHLY\r\nm+6Pr6rC20zGnJAzxKvISxoCqSt9RJmlDSFNRxxNG60KaMNC0CYkYY0k9lmN4MHigF5/ADoPUrWE\r\nJTeIkUn7Z9L8uB4MOm91PQKzooc4OMdAtFJSF7w+XVw4aaBXlNBjGi9P07p308TmtlC67Okb6WPA\r\nCtaYahR4ItBorOmhwQSPgvRVV4KrkT6fI3cosofeaitpGMk1ERTGp8J1XwrJCAVjBk1OK1uKkbo6\r\nL4Y2nktXEzkhPWh5ViYGHqsTSxnqtHWzPcU0p8pKgy6ldG+3wu4l/wAwtRtNOT70nzH0UUqZMdxz\r\nLmrQ9gIIIBB4grqzZqY/il+Y+ixNjpT+KX5j6KJ8aQ7ji5KKnPGCL4NAWr2aNvuMa30C7c2GkP45\r\nvmPosTs9R/nm+Y+iifB99qNvqfycFV0cdRBLDMwPikaWOaeYIwVxVo2EhsslUactnjldlpdo5jeT\r\nV7gdm6M/jn/qH0WJ2ZojxfP/AFD6KG/psrodj8G8Lu3Z5G21iMjMco/5aLc2BkZ/huJ7nK9SdsnQ\r\nO4yVH9Tfosf8IW789R/U36Lnf67sl/zGzzWISv8AKxoa3sFZUdFqHEZK7tmylvZwdP8A1D6KQzZ+\r\njZwdL8x9Fe4/R1T4RDO9yOUp6bBGitaelJxpgK9ZaKZh03z6kfRbxRRDhvLpx4+CHJWQQtZy1Upj\r\nVL9ljzzWQgYOqmUGgaIx5wilCNoOgRbdpgyREW4CIiAIiIAiIgCIiAIiIAiIgCIiAIiIAiIgCIiA\r\nIiIAiIgCIiAIiIAiIgCIiAIiIAiIgCIiAIiIAiIgCIiAIiIAiIgCIiA//9k=', 5.00, '香蕉含有多种微量元素和维生素，能帮助肌肉松弛，使人身心愉悦 ，并具有一定的减肥功效。', 4, 1);
INSERT INTO `product` VALUES (3, '葡萄', 'data:image/jpeg;base64,/9j/4AAQSkZJRgABAQEASABIAAD/2wBDAAgGBgcGBQgHBwcJCQgKDBUODAsLDBkSEw8VHhsgHx4b\r\nHR0hJTApISMtJB0dKjkqLTEzNjY2ICg7Pzo0PjA1NjP/2wBDAQkJCQwLDBgODhgzIh0iMzMzMzMz\r\nMzMzMzMzMzMzMzMzMzMzMzMzMzMzMzMzMzMzMzMzMzMzMzMzMzMzMzMzMzP/wAARCACdANwDASIA\r\nAhEBAxEB/8QAHAAAAgMBAQEBAAAAAAAAAAAABAUDBgcCAQAI/8QAORAAAgEDAgUCBQMDBAEEAwAA\r\nAQIDAAQRBSEGEjFBURNhBxQicYEyQpEVocEjUrHR4RYzYoIkcvH/xAAaAQADAQEBAQAAAAAAAAAA\r\nAAACAwQBBQAG/8QALBEAAgICAgEEAQMDBQAAAAAAAQIAEQMhEjEEEyJBUTJhcfAFFCNCUoGhsf/a\r\nAAwDAQACEQMRAD8ArcGpu2Vc4bz5ry8mkkg9TGT4HeneofD/AFPTtO+dleMhRlkHUCq/dScsAjXY\r\n1x2PQEhVSuzqfRysqhkwPOfHb/qiBdQhT6s4Bx0FWL4ex2GqQ6joGoRq5uoy8TkfUMDcA+e4+1Va\r\nXhaW21e606WcJNAxUZH6vBHsRg/mhyIh95Mo8hVasi/Pf7wB2y5IPfrU0BPf+1TyaLdwOiTxcgJw\r\nJP2n81q/D/AvCl7o6P6ouJFAEsyzEYbGSKfhwHKLBkQUlqEy0E42OakKSRqpeNlVtxkYz9q0Dijg\r\nOw03TG1HS3aRYt3jL82R7H2rObnWHnCxSkmNP0gdqHLgbGaM9VGj3O+buNxURucc4z2oSa4CAOr5\r\nU+B0qCOYSu+QQxXYjvXgk9CXuOYYFeQ3DpKvMSU6YoES42pjY2pkYSyjCDcDuaYVCjcEdzRuFdct\r\nJOCdS0aST0J5uco7/pOQB/iueEtJ0Ahr3Xr6Acj4S3d8A47kdT9qqisBGcAKCwAA8V41ncSTN6Vv\r\nLJk7FEJ/4oT7SCfqWZMulofE2AapwXbah/Uo5bQXHpiMMiHp7ADGe2fFc6h8QtNtYSbSJ7lh/wDV\r\nR+T/ANVSOHeCLrU0+b1FzZ2CZLFjhmx1x4HuaWcQNp9xqnp6EnpWEShTKc/6pHUjPb3PWm+ox/AV\r\nN55eN6EacQcZX/EFq1qeSC3bcxx9W+5NU69uoLAI5di2RsN/4ri/1a102EgEM2epPeh7PhniTiS0\r\nfU0tjZ6UoJa7mXAIHUqDufv0961MZvkxuYisDyY7kWoX0d2BN6qjbkb6sEj371Jo+mz6m5W2bkhU\r\njLBTg+w80BpMGh297ML1JbqMsAkpXOB5IB71p739jpukRX+VFowxEyjZvYD/ABTShGoJyuulHcr1\r\n/wANNZWYngDOQMFnOTn28fiure1Z7ON0hmmmVd444y2M9ziobvjiOVXj+Sb0m2yX3Hv0rR/hrrFj\r\nJpRtwyiVmLAkbsP/ABWHxm5AHqaFc7yamZ3et2NtbzQG11L5sdC0YVSfcHcUs029trhl+bkaKQn9\r\nLLgGt/17hqy1SCSQQx+uRs+N6xbiPh+4t3Nrcj03B5lYDY/mtPjrjFjYkz8sbU0NmiiiVXiZWiYb\r\nFdwKhyVIZGIPYg4NKNNhmtXWKWYNG2xA2/NMeb0ZTGx27HzU7BVNA3Ab/cJeOANRvzqTwNMz2qp+\r\nljnBJ7Vpgkz3FZdwK8MV/K7SBcrvk1oaX9rIvMlxGw6ZDCvB+JqdTxG/x7MybiTjyfVrAWiQegXH\r\n1jOT9qqmm2Xz90EdlGx6mlklxPPJzuzEk5J81yWdd/fYipyCZOSWNmMIJ59G1lLm3JEttLzIR0OD\r\n0+xG1Xfjq3j1Kz07iiyH+nOipLjqB+0n3Byv8Vnsbl8nJB71f+BbqPVNL1Dhy73jkUvCT2z+oD7H\r\nDD814fRjcKhgcR+ev3lWm1C5uYVieUmJegP/AHQ7yuE5QzBSckAnFdXEElpdyWkwKyxMVce4OK8w\r\nGPXasQcepOR8GcRzTpGUWaRVOcgMQPyKWSae7SEK+x70yaPAON++9cbkAjbHamcm+4LJqxBI9MK7\r\neoT5HavJNMlilVo917jxV94G0mw1K/f57D4TmRD0O+D+aXcYx2mm65LZ2S/Rhdgc4J6iqPRyBBkv\r\nuKS2NStWekOMzSgHByB2rue9MU2EXYdfamNzdRwWJCMOblwBSBEMrBF/U1AgL2WmgWZYF+q0jfGO\r\nc5/tVn0DX9eijTTNMijmdug9PLKPOc4A9zU+i8E3mqiBnzb2iKMyMPqb/wDUf5O33rQLe10vhjTm\r\n9FUhjUZeRzux9yetBnK3Onj8diwI1KrfJJwxwvnW7w3bSOTFZg4TnJycnqwzvjp7VlWtajqE6u0V\r\nuQXOScgAZ877CnnGHED65rct1btJJaRAR25IP1EndgPHv3qvSevFbM0lvIAB9zV/heMrrze4x1HS\r\n/ECh05YLgS3zrc3BGQoGUT7Dufeib3VLiO0mh+auUjmTleISMAw8EZwRnFeQ3Ys40jiGWP63PU+3\r\n2FRXs6XKHnxkdz1B9jXSXiuPhe4lcRuzOLdbeO3AI9RhuxY9/AFD3Vw3pxRrK5gjY8sRYlQT1IHb\r\nNDJOWPKxGQepr6CUi6Z+vIPp27nv/FKOQGljRj+ZNKt36RY2soj88vT8Vb/h3rGl6cl1datctGkD\r\nqYUQEu7EHIA/G+dqry3Dv6ccYLMxwPJ+5oTVI207WSJU5XAHOmcZPn815uN2DNyYy6cSJvuk/EfQ\r\nNRu0tee5tGfZGuAOVj2GQTjPvVrn060vRi4jSTH+4A4r8oG9PPzg7k1sGka/qsOkWjC4YlolJ5t+\r\n3/VJzZUx7kedRjAsWJHxxw8LPVEk0+3PpOuWWMdDnxVauYLhYFE8EkcqjI51IJFaFYcV2sVwp1Wa\r\nMA7Bz2PvTLi59Mv+HBewPFJ6DLIpVgeYZ3H5FIZMeYF1MiVdGjr6mSQ3U0UbhGKkjqDS75iZCQsz\r\nqM5wGxWk63Z6NeaULq1ESyMmcqMEnFUJdIlkHNnH4pZQLoG55LrcSo2fBrrJHtQ/IxOx/mpEkZRg\r\nsCO9Q1KRCAV5SV2buPNN9BvH0/ULe9Rjzxyg8o7jv/bNIvUj7Eg01tZVjtg7qNzjIrGXUJbBBEuX\r\nH+nLDqcGpwDMN7GCSP8AcAP+Rj+KqAzirwL+z1/gBbJ7lP6jbEmKNj9ThNxj7rkVRgc7Zr0d5Ke4\r\nPWm3OJZkhTmc7UL84jLkA79KIuYhJEw80vtre7kdo7e1kmYAnCrnAHejUAyYtUNt7iVDzIzJgdVJ\r\nBoOWWWacyMxLZ2JOa8jM0rBSDnOMCrbw/wAB6rrM6F4WtLTq08q428KOpP8AamhgncBAxNKNmLuG\r\neEtR4qvHhtSqRxAGWaQnlTPQe5PgVrOgfDfSNDxPPm8uUOQ8oAVT7L0/JzXd5qWl/DzR9PtLWCSS\r\nGSRmlaPDMAoHM7eTkqPzS2X4oaPcQSGBm9QKWRZQVUkdAcA1jtYoAn/ydPB4qoOTR/xBxTZaBbAy\r\nkmV//bhTd398ePeqTbyRcUzi94nvZEswxFtp9srFpMdTyqCSB05iOuw6VTF1G21a7lu9Qu5Y7yRs\r\ntIRkewHgDpir7wfxHY6TbvaTPHHI75FwRgSDsCe2Ow6VuDGA/v7/AJ1GY8gzPwXr/syt8Zxabp4i\r\nOj28sSySf6nqwvGY1A2GG3OTk59qp894JYzgkHyKffEDWXv+J7wmUGB1jC8pyv0r/wD2qTJeekGG\r\n2/eummbjpZU3jemLInJugmY3bD52J7iorm+BXA3Pkb1LbKkg9WUBi+4+1TzMilI441LNso7k+KIY\r\n7FkyU5fdSiV/5lkcswYEnoRUtvdFQwA3JzVlGjWMjA3OXfGMq2B+KdaR8NZ7ySO9t/8AUtmOFRjk\r\ng+duv2oGSujHY8OWxy6lXsNRltyxW3ZycbgHahb27bWNZkml50UYHKeoHjet+0b4Y2C2oXULljcM\r\npKpFhQnj70q4q4WsFtITdJGbq1UH5hVwWA6hgOoOP5oNgbMq9JHNIepm8OgXAsWuhpbtaL1lMZIx\r\n5JplJrF5PbqY5OQABWUDGNtse1WjTfiFawQfJPBI1sRyiUqMY+3XGMUp4mfT59V9bTijI8YD+n0y\r\nO/8AFeycXQ2OpD5uBQlt8SvYaQlnYsT5NMbW5litGtxloj+zO1e2+n3F20Yt4HdnYIAozkmtZ4U+\r\nH0GmrHd6kFmueoj6qh/yfep0xs2zoTkKC5pZnmlaXqt7p920EX1WgDNFJkMQRnYH2pD/AF1zuGx7\r\nEdK2HjPn0XUrLUbcBYrkG2uAOhB3U/jesMuofQu5on/UjlT+DT3xqqjjFnkrlTOuvaoZEJqdcu3K\r\nBk+KnitvUzzfTiuUDUdYHZily6sOUUy0q4a5vFsShZp2CKB/uOwqeXSpDbvMkbsq7kgdBSpeaC4W\r\nWJirowZGBwQQcg0ytTVYGapwRoKxa3qei61YAXSRJKjH9SjOMqR5yNx4qn6nbDTNWu7NzvBKyZPU\r\ngHb+2KsXBXEVxeca2F7fXBkkuEa2kZj3Iyv9x/eufipo11BxUlzbQSSpewh/9NCcMv0tnHTbBzXu\r\nFr+sty+7EFGwOv8AmU+4mGMKaZ8GS6hJxJDa2E6wSzhhzuMjAGcY71f+AuBtNn0NLzU7KO5nm3X1\r\nwSAvbA96bX2j6HwhFcarp1hBDcIpLdWIBGAFyfpGcZxTV8c8bJmL4GQ5RjPcL0HhqCxiM13p1ml2\r\nCcyQjmL/APy3G2fFG6zrVto0cImPLJMwSFd/qJIAA89aqHw/4onvLy5iu5w5Ylvq65NWzX7JNatr\r\naKMR+vb3cVxEW/8Ai2Wx91yKw+Oj4+SkzoZvEbwnKVdSkfFTT5BqunpZ2zcr2snqrEmzfWCc4+wo\r\nHhjgODUOVr4s79TErcqr7Ejcn+K2C59Njz+nzsFIGBkig7IQRzMsLRAoOXlXsc9M9P8ANVjEoAk2\r\nJQxZsgv6mc6t8PNNtLlpLIzKY1LtBI3MCB1IPXPfBrrRNEttUu/RdQlui88jYGyj/Jq8ajbGXUY5\r\npZCqqd+mAMYOfvmgzpbaToIjhhLzSy4mCkBiGOBjPXG23jNLfHbiLy+InqoyavuZ38SuGrCytbO8\r\n06xW2hYlGYOSXPUHcn+ayW7hCq2Tlh/Nav8AEfWhcR2GkReorRjmZZAQQelZ9/Topm5WOx/U2d8e\r\n1ULjLH2/E6WXIESnN3FNlHPLFswCA4BPWi0hkhuoJpXDBT27EjFOrWK0jh9NIlRAT13J980r1aJY\r\n42eMkp1I/wAiqnxgJc5uOw4P1DIS8s6qh5SzAb1rui61a6Rp/Ldq0foxGTIOwwNh756ViemPfXEs\r\nUMdq8sxICBXCk/zTSeHibiDUP/Ti6beC5XBe2PU46Mx2AUeenvUC8lsmdrJmxlBNfuOJ4XiN3b3Y\r\n5BgFSACAT085HvQD37avK9vYGO4vp43SJXkCgtyHbJ8Dck+Kra/DbjmysRgWsygf+0J1dx9sjB/m\r\nrPwDwtPoty2s63JyXrIUgtzjMQPViOgJGwHYZ80I9Rm2I58vjrhPpmzMkvLe+sZ3tbuJo5YTyOki\r\nAMCPNbDwHwhpOucIWd7fWf8ArF3XKkqGAOBsKO17g+z4m1uDVpb6OzjhQJODGGMuN1IzsMA43B7U\r\nZacd8O6XINKhYx21uoRJMZU4679znqaqHtFT53y8qMwGSO7Th/T9MmtYbOAIsZZgOvX3NOywUEk4\r\nFUC8+JelW2oM8ayTw+nhWRepz74qocS/E+71FGgs1NtCdic/Wf8AqvMQa5GRjOmMHgJc/iRqunnh\r\n5rYzobj1UaNQcnIP/Waye7ijnu5Z25eaU8x+9APcevGXOc5zk9TQd5dyR3BUMQMCp8jcjxU6ibLn\r\nm47h7FI2ZkTc71Npt6kN6r3EPOg/b1p+3w74kLSH5VeROjFsc32q7cCcEW8GnfOanbBrqQnCyDPI\r\nAdqDHgYaIr9YAxhzQ2ZWJeJllsZLe2sAoZcZbAFUS50+VZQFXmDHAwO9foWbhLTLi+WVrZMKOgGA\r\nfvTGPQtOjAC2sX0nI+kdfNb/AGqD/VHLhy/AmFcJaMryatFemW2ubO1+bhOCCCpznHfoKLseK9S1\r\nDT9V1bUNSctJGY44F2XcfpUdhv8A81q2vaNa3SGe0aKG+EEkKSsvMhV1wVYdx/xX5/0+1ubbiWDS\r\n7iJleCb/AFYzjCgbkntjG+emKntFykIbn0f9LAVKyVc1LRuPLCDRUSFgqxwgIh6qR1Bqk63xVPq9\r\n3IZXJR9vTBwMe/mkOqWllaz3A0+8lkjMhKnkAQDOwGdz99qVJccx5s5pwZ104nSc4fyw3Z7lw0Ri\r\nuoRfJssNy5whY/ST2BrUOBY766ik1XVnImLPDDCdvTAOHJHkkY+w96xXSbiP52EyylI1OSynB23r\r\n9FaLCiWkRaGOKWZRJIFGMs25J999/femqqmmXUl8nyMnplGN38/P7XJtSvUtoDiVI2ZThmOP4oGD\r\nV7JdPYs2WAJBO+fehuNNMMukvf24LS2ilnQb88f7h9wN/wAHzWVLxGnypWJpPlwSTyn6eXv9WftQ\r\nZMvAwvD8THnxXy3cvqa3aXd1FDeXZCWjfMgjKmQD9p8jJH8VVuJ/iJcXtxNb2TFLdjy84648D7nv\r\nSC8guDYPcyW1xEbnlNtI4PIyYJJUnYk7Dr0zsc1VpnFs5WUgOOxNCucnqNOLxzkIBuv4ZJqF4xVy\r\nN8jqdyN8nB7Ushvys++SCCCcdM1zeXYlXkXfmO57fapoUT0ViwBzbVVhLNdzm+fwVgVna36q2HY4\r\n8VxPepIORSfq2wRR0EFtBlUAx5O5P3r2ZLc27K4BJ6Y7fanDGa7knMX1OrO8W3dJQR6ikEGtV+H/\r\nABelxqF2l2kQkeNMSKADygnbPjJzjpk1iVvbyTPgvhR0x1NPtOjeykE0Fw/qJuVIwSB48/akkuVu\r\npZiTGzBWPc/ULXcKW5lZwExnNZPqXFNvLxJPHcXUsFqoxzIoJJB6b5pEOOHe0USTOOVMY5iFBx1I\r\nqkXN7JPIWRGkUsS8gHU+3tSBmB/HctXwhgBLnfxNH4niSa0jutPvfmtPBwwJ+tGPdvIPnAx0qpFM\r\nsAPNCadfywpII5G9GVCsig7MO2fzRdu5mcnHQVPmoNYnzPnYQmfR73Irxj0H7RSxIHml36U1nB3B\r\nHWoGkW3iO31GhV9akqi2JPU5lKxoEFQXkHqTK2OqiozIW+ognNOLeFJoEY9QMUSndzS/LcIstc1n\r\nST6tvrt6+f2/MmQH8HNWDTvijxDYuZL1I7qMRlVjkIQ5znmPKNz2xWXi8JOAwyf25wR9q7bUHMQW\r\nQMwVscx8eD3NVD7nT5CqM1wfHHkgDnRkZmxuk/TzkEeOlVzX/irr2sxyJbyR2FqdvSh3Yj3Y7n8Y\r\nFZpJO8dyxQ8quuCPI8Udpy2UlzCb31mteb/VS3cCQr4Gdh+awnUA96l50/jrW9VvbOzQNJ+xIoVy\r\nzHt+al49s7nh2OxN6irqWpo8l06nIVFICxA98dSe5x2Ao7QLv4e6fq9lrECahZyWZyLWbLlmIOJO\r\nYHfHj7UX8Q9Q/wDXWkWs+m2EslrbuxW6MTZB6EfY7de4oExY8YLLQjEzN6gD9fzcyua+zGVBOO5o\r\nCMPLIfR6Z3LdBUt5pl9bMY5omQjcqwIP8GoLOcIoO6gMcg+fesHvO502zqo9h3HVpo9zclE+ajRG\r\nYBzgggea1LSfiVBLpMAucwX0YEcvUHI25hWW2upOeZsfT0r270u9gEGuskbWV0SAwkBKsMjBHUE4\r\nyPIp+QIoBxmr1uLxeRuswubNqHxASTQLmK29P5uWJlQyMeUEjAJ26b1l+laJdQ6LNO+p6dHCmVeN\r\nnLSbjGAoHQ/eky3xEoLvvjbevvmmeQAnrnaiIRhRgOqtviKhg12+XSP6RLKZbJWBjWTqmPFA8kcj\r\nFm3Yncnc1xdELGXz9XmuY2J7ZBr2PGiHUSzVfEVc5mhTGw96gab5ZuSUYZcEEdCCMg0XJE8q8iDf\r\nufFBiMND9W5x1PWm2CdSV23VyZJC/wBatlT3HeurydIYOYOc+/WlyxsjFEcox3IBxXZtgULZLtj9\r\nR3oRcLnqFWTv0ycDvTFZ5Y2Vifpzmq6l+bWTHJzbb74oszz33KBiOPwD1+9YrFY3krCHLZoq88KI\r\n7uSfq3O56KOgqeCdYVIC7jrnah/WMEYxgjsQeleSXRMiSrGWMq5YKM4I2z96LS7XuF6hbTdRzbyJ\r\nPE4jUZBy225pjZp6a5I696R6dfpAen0SEBs7mn8jc0YSM4GNzUHlKefL7nMz4yHJ+5wf9aUgD6R3\r\nrx7VJDjlrgXUNtGQfqb2oG41Z2yqfT9qSoINxRws+h1GEq21vGA+B2qKCNlj+hyFJyPtSo2Gq6hH\r\n6sNlcPCCOaXkPKvuTTvWLWfSLqK1WWGQeirZV89aNzZqMXCE7M2rQeC+HE4at7R9Os7y2ZeZWliD\r\nE53zk70h1D4JcM3s00trLe2IcfTHE4ZEPkBhnHtmoPhZxZpqcNw6ZeakTqJnbEUuSxB3AXyMf5q7\r\nTcSLFcelFpOpzoNjLHCOUfyQT/FdFrJuOwoGUCph2s/CPVYdTmsdLuIdRaE8xAHI6of085O3Md9h\r\n4zVd1DhbWdBu1tbzTpUkb9Aj+sN9sda2ix1i8tPiFdrOph07VF9WDnUBmdVC8pPYgdqfcRC31XRL\r\niCNgt1H9cLj9SONwQaB1B6lPjYmY+/qfnFJ5YmMUsf1qf0upVl/Bp9p2s30Fk9pbXU0UMinmiV+U\r\nZ748ZrSzrPCmqaDaXPE8FuJZD6TSyRnCONsFhuM4qh8XcP2GnXsH9EildJm+gJLzqR7Hr/elOlLy\r\nJ1+sHJkGHIUOjBrXj6XSYjbahaRaugGFiuQCyf8A2xnHsc1VNZ1iHXrh2i0Sy07G5a3djv8AnrQd\r\nzDJBqNzb3SMkyOQ6tsQfeoOYQuQOmc+aFEUbjixZQbjG00lHg5zczpkEY2G+Nvxmh7VQ2qvHrVxc\r\nOscBEZR85wMIBnoo/tUqXkrxEodgP4oW4m9V4vUIJGc/bI2qp1xutLoxFve5GHKNl+c4OAcVKbv1\r\n39OLIYndiN/sKOjMLJ9OM0JOqpcROuASCNu+K8MIAu4w+U51I7m2uCAfVYgdiMYqe0IWEepuwOOt\r\ndszBAXcbbnvtUErgqAmdtzmsyhQLEly5X4ncawXCvKiE4zXt3pw5jJAQF/2noD7UrsWJvY/vVka4\r\nRBy8h32qTkUOpGnIbWVOVzb3bpcD9OPqUZFcte+ohigBxndj2qW9Pr30pIPKGKAHsBtQyIkcpUd9\r\nwD3NVAmpat0CYRDYRSIcsNhvXMckdsfSkOEOQG/waItghSRZCAcbY6mhC8UlwScMqbfmiNVDF3Co\r\nr22S2kgwn1Nnn6n7faprKQFiSv09hUaNaDK+kNxucVNbKIZnjKlgDtgdRWD20QY270YbcokiJKmF\r\nOcOf+DXJv2ACKSQNh5qaTTrhrcNIjRBmBXmGMjzR1tHZWcGFQNL3dtzSM+RXMRkJXRFwe202/wBS\r\nZQF5EPQnrWwcIfDLTbO3iu79PmbkjP17gfYVmNvxHFpzB2XPKc/+Kttr8aL2PC/0i2aIDABlYN/O\r\nMf2pGJGf4mY2Yn3R18T+LTwza2+haXHFFLcxFpX5QeSMnAAHk77+BWOnUWc8zHJ8mgOKNc1HV9bm\r\n1DUJvUmnbbHRR2UDsB0ryNlSNRyBjjcnzVaAdERrIvfcs/wz1GDS+M4726KiFY2Qs37S2wNfoS31\r\nOOWEOrABjsD1r876jdcO6hw+1xw+bs61eNy3diyEhSckspAwBnpv+BSbTuIdf02VYrm5nRIt/Tck\r\nZ9qJzxP2JR45x5F3ozYOPo14puNKsNFmxqguixkU4ESAHmZiOn+aotzxHxTbak+l2yT3UyyGFZFj\r\nPK5zjIOOme9JbDi7UdPv2urSURu7ZYYyG3zvWmabx2/9C+e1vUo2W4B9GG2jCshU7qT1ya5+fK4y\r\nA/HUqxl8b0nRlSuOHb88Panp+r3cdnexyrPJBIueZfKkbGpbnUr7gbSrdbtIrq8dMWEjDKBMAlyO\r\n5GQMUl4p4pTiG/8AmYIJIkRCuXkLOw9/+qQX2uXmri2W+uWmECckIYDES+FHbpmqDxcV9Rfl+OLB\r\nbs9znV9Qn129a9v7iSa7dQvOMLsOg2HaoINGuLyNhaQSysP3KCSKu/DfBWncU2pdtajiuuhj/eu+\r\nMnP+KunDt9ovDcyWEhRmth6DyOuzOOu3udzTAnEdxePEGOhMMu7HUtMytxE8ZxuGBBNBRCaVwQMs\r\ndvath+Kut6drMaPaxBXT6SwwOasp08qkzEjcbCvCuVTM+NlAbqTYuLVGMsQ6Z5gc/wDmvoojft6p\r\nyOUYXBximEs3qIo/auOveg7PCPJEjbcxwB2qniqnXUjJJ7nBt5Obkkk+jwOpI81PZvHOwt3zljhS\r\nDv8A+a9dhlv9oOOldQxi3mW4A3G6g9vc0rIR8QgQFtpObJoJA8bMrA7ZGa5uLy/A5SQPflpjFfmU\r\nqskPMScDl6k1LdRqmUlilicdUdcEfzUdnsiNGLDkFqZWS4Z2aZhz5+o42JNQSx/M3ALnEa+KZy24\r\n52l5VEchGBjc1zd27RwF4geVT43xVC5ARUWcZU7kEVl6iktI2D0XNRvbCFz6fQjf71NaCa6ZYI2C\r\nvIQoLEAAnbr2r17aW0unRnDlGwSDkHfG1HYOqhlanUbxi0EeEb6+YsB9R26ZppbJ6gQoNyP4Hilq\r\nAInJynJ6nwKNgvvQUBCNhjpQNyKmtReU11uNnMsvL60rMFGFBPQUO8YJ67UG+pO3Tc/aoJrqV4WX\r\nlxnvUi4mB2YiszbM+1MW62gaOXmlD7qBtj70El8scDMew6Zr5rdpkISQ5842pXMk8cnpSAbHOcdR\r\nVgUqNRyUoowx4ZrzlcnlHUeaJRgECuGDDY7V9aFpHCq2D/zUNykqzsC2cVtiMAMuXHUlpw9rZ0PQ\r\n4ltYbaJVkkj2eViMkk9aotxcyGUl3Zsj9xJr3UNRub29ku7mRpZpGyzt3oNn9aT7DpSmJYyxWVE1\r\nDoZokUlnH5NerdF3PIcIOnvQCKOpXYV5HKI5eu3/ABWVUH1eRh3zDQEhN8noRURfkAyCp7ipoLlc\r\nEry58moLoxzKSG+oeDvXggq4DZmYgH4jLRtYvLC/hnsldpo2z9IzkdwfajeIdZeXiK+u4RJFDPIJ\r\nQGXH1EZbHbGc/wA1DZyxWUSIAMdPc+9ealdQtbsWXKn9tO9MFe54Z2U2shikm1I5ZmZc9KgmsprJ\r\n2c/WpOdhuK8sr11YjHKo6DG9MZLsS4Q437mtxJj477i82XJkNmLo70SKI4VJOepGAKJi09UAcMQx\r\nOWJOxNQqixXTAADmwwFMIIpryWK2gwZJWCLnYAk439qapVQeUnYk7hoRUHKi4AoaZTscU917RJNA\r\n1V7KWVJcAMrKeoNKJFz0ArncrNzlkm9ziwlMF7BKVyI5FbHnBzW16he6FrD819axbRjHqAZ3GaxS\r\nJeVyD1NWB72aVBzt0ULgeAKN2/xFPuoSuVPISC/s9PhuZjFvGrn0+Y9BSss996lrEBuuxHUEdKmv\r\no5J0HLsK74dgEGo4lIwelDjUd3Hq7sLJuV0NJFI0UkXKynffBruOMyzhhnkG+euT2FaBd6VbzXZk\r\nkhSRSO4pQLBbm9NvDGAegAGAKY2TjHtn5DiBuVt4iCQ7EjsMYouytoZZAGB87061DQ57HkSdVKse\r\nVHXfJ8Vfrj4bCY2Rtrkq3yw5yQCObasRmyaWJyDIllviZheWtvbW7yBTkbD70laVpHCE9R0rQ9S4\r\nK1uL1IJLKSRezx7g+9Z/rtjc6a+JoJYXU4BZCN6ZhVlB5Dc94+XnYJ3CLZNivSlurNGroCd89qjt\r\njdXIDPMyA9ApwTXl5pJKc6s3N35jnNO2RqVEiDm8YyKsH5zRHoTyjnaQgnxSv05IJVwM58UempSR\r\nqFaJsj2oBXzPciepHcsFTJ6kdBQsNu/6g2D4rgqW3LE47UbEcYxQwi1yF2mjUqRt5ouztwqh3AJx\r\nkkjp9qhu5Cg6ZzRxkLRqmAAwya8aENDcaWMiKVlIjUjbAAwfvQ+qxi8UkgBhkqVABFARszSrHnCg\r\nZ2rueV4opcHquPtmjGQFaqEVkFvdrJGPUJBG2D5r69uYmiVNicft3J+9F20Ub8isgI2AFB38UY5u\r\nRAuPFDx1cHlIYWZQDIpO+Qw/4NMheW6oApL+AFxv9zUMZ5LYKAMEV68ShCwGD1rQPkQLnnJK7NMW\r\nILbtjOKZW+Y4kYEhgc575qC0kHpFWUMSQQ2enmmS26m17ggZoMlcLivJ/CpI95Pe3DTXMrSSEAFm\r\nOTgV84HUUDGxElap8JtPsNTv9St72yguF+XXBlXmK5ODjx1pCrbVOeFJYATNyMMpHWtI4X4f0mWy\r\nF9qM6zNjKxZ+kffzVE1O3S01K6t0/RDMyLnwCRTfgy1bUeIkt5Z3+WQh2hzs/sfaqPGC+pTC4BBK\r\nxlrmjX2ou9xpOlyG16B1GOb3A8VU0sLyOT1GDIydcjGK/Ua28a2gQIAvLjAFYd8Q7r5GaaOGNR13\r\n/NMyoHBZdRxRsXFR8yAS2VnoSXd1fq07b8g3A9vc0k0zWrBOIre5mfEBbD+2e9UNp5JWAd2K5yAT\r\nsK6LHnA7VMMPtpjcuVACCPibBxXrGjahpyLbTRtMkg5eQ9PenvAet3jH5a4uedWOUaQZP2BrC4mI\r\nBwcVq3w7vCzRB41YgbEmnePh4NQMT5rMffNuSIumWcEnwKxT43QY1DToeccvotJjlGSScdfxW2wP\r\nzQqcdqyn46wxf0XTbrk//IScxq+f2kEkHzuBTVJsiMZV4hph6BkIOOgG1FXkyQ2mfUB5l39vakU+\r\nozNhNgAe3WvJizRKS5P3pfKjG6qdWCiR3kbc5x9hT2K2DRgiDmHnFJoIhCvOhwe/vRSarOiBVJAH\r\nvWdGMWqn/9k=', 9.00, '葡萄皮中的白藜芦醇能够帮助人体降低血脂，增强免疫力。鞣酸能够抗过敏、延缓衰老，还具有增强免疫和预防心脑血管疾病的功效。花青素能强抗氧化性、抗突变、保护心血管等等。', 8, 1);
INSERT INTO `product` VALUES (4, '车厘子', 'data:image/jpeg;base64,/9j/4AAQSkZJRgABAQAAAQABAAD/2wBDAAgGBgcGBQgHBwcJCQgKDBQNDAsLDBkSEw8UHRofHh0a\r\nHBwgJC4nICIsIxwcKDcpLDAxNDQ0Hyc5PTgyPC4zNDL/2wBDAQkJCQwLDBgNDRgyIRwhMjIyMjIy\r\nMjIyMjIyMjIyMjIyMjIyMjIyMjIyMjIyMjIyMjIyMjIyMjIyMjIyMjIyMjL/wAARCADIAMgDASIA\r\nAhEBAxEB/8QAHwAAAQUBAQEBAQEAAAAAAAAAAAECAwQFBgcICQoL/8QAtRAAAgEDAwIEAwUFBAQA\r\nAAF9AQIDAAQRBRIhMUEGE1FhByJxFDKBkaEII0KxwRVS0fAkM2JyggkKFhcYGRolJicoKSo0NTY3\r\nODk6Q0RFRkdISUpTVFVWV1hZWmNkZWZnaGlqc3R1dnd4eXqDhIWGh4iJipKTlJWWl5iZmqKjpKWm\r\np6ipqrKztLW2t7i5usLDxMXGx8jJytLT1NXW19jZ2uHi4+Tl5ufo6erx8vP09fb3+Pn6/8QAHwEA\r\nAwEBAQEBAQEBAQAAAAAAAAECAwQFBgcICQoL/8QAtREAAgECBAQDBAcFBAQAAQJ3AAECAxEEBSEx\r\nBhJBUQdhcRMiMoEIFEKRobHBCSMzUvAVYnLRChYkNOEl8RcYGRomJygpKjU2Nzg5OkNERUZHSElK\r\nU1RVVldYWVpjZGVmZ2hpanN0dXZ3eHl6goOEhYaHiImKkpOUlZaXmJmaoqOkpaanqKmqsrO0tba3\r\nuLm6wsPExcbHyMnK0tPU1dbX2Nna4uPk5ebn6Onq8vP09fb3+Pn6/9oADAMBAAIRAxEAPwD3+iii\r\ngAooooAKKKKACiiigAooooAKKKKACiiigAooooAKKKKACiiigAooooAKKKKACiiigAooooAKKKKA\r\nCiiigAoopKAFopKKAFopKKAFooooAKKKKACiiigAooooAKKKKACiiigAooooAKKKKACiioy4VsE8\r\nnoKAH0x5EjGXYAe9N39O3t3qpNAJ5C+UMq8K+3Oz6e9Yzq22HYuhgelRySMpGxVOeuTiuc1m5ubP\r\nTZrbS7+L+0j9z7SwySfTOBWZa3usS6cou0S7u4fvSW2WUfhxk8VyVsZyJK2pooHZyX1vDHvlkVaz\r\npdYKzJHHb/I/3JJWCqfpXJ6t4itNOs5BHZX93P1klGFki47g8qPwxWDo/i2/nuoZEhgubWRys0cb\r\ng9vlbb2b1xWXt6rWrt6Fqjpc63XtW8QR6vBZ2MDbgPMKw/NuXPckcV2MDSPCjOmxiOV9DXNadrFv\r\nb6h5F38k86Kd38A44X29a6VZ45JGRW+ZeoNddCrzxTuZSTXQsUUlLXWQFFFFABRRRQAUUUUAFFFF\r\nABRRRQAUUUUAFFFFADax76WKwJnjH+kXEgiXOTyfQfrVuScvMYoxkryx7D2/Gs3UJ7bS1S8vJkXZ\r\nkKZGx8x6kZ9uK5as77DSGWVxdb7qacZjRzHjf1x1b/PSsH/hOrCdp5RebbWMbewjz7HGTXJfEH4l\r\nW8ugXdho7/6zEDTBSBzywB+leUWD/b7qO3eRo4Bzs3ce9cyg9NdD1sHhI1LuR7jY+I9Hv71rNL6V\r\nCY/3b+T8mD1yc8/lVa8v44kkstEu7W51iPPlxyPtkIPeJjgMfY1wF7rtjYWn2aBN0uzH0rB062v9\r\nW1KOG0WWa7Y5XDHdkc9afsqfNe2p3SyyDTlzWRd8TXj28yx29zcSahA5Et8XkjIJ58nyyMqwPUZI\r\nxT/BHm33jLT/ADXyWky3y7QSPYVneKLma8u4J7hWjueVuo+n74HDN9SMGt/4ZT2//CQ2cWzM8kww\r\ndvQDmnW+F2MqeHUKcnLV2PTpdW8I2uqah9qS7SaSU+a0u7azDjjH6VB/wmltLFnSdSmkaE4MU6/N\r\nt7Y/vV554v10XGpX1nEnS6kDH6MaseGNGvUjg8QHb9nt51Eqn72D/F9OaUbSVkjZZdQjQVWTd/M9\r\nj0XxFqOo23nGyWeIHDGJgHB/3TXQ291Fcx5XerDqkgww+orgdCup9L1aOV4mhtbltrIeg9D+FehP\r\nGkoDdGHRu4row821ZvVHgYmmoz20LNFRRuTwfvDrUtdRgFFFFABRRRQAUUUUAFFFFABRRRQAlIxw\r\nKWs29uJUVo7faZdmRv6fU1nUnyoaVycsltBu/H6k14H8XdU1C78bw6WJfKs4bVZBJzt2tks3APXG\r\nOlewXIm/sdLWadpbmIRmSbbjJJxmvBPjdf8AneOItPtYFSS2tIoSyZ3EHkLj2z2rnpvndmaW5dTj\r\nNW1C3lWK1tflggc8b85PHzZHBz64FVIpvlBBwwPFdJbeBYLuwhW1u2OohwZz8pgVSO0gb9MZrf0/\r\n4QyX6EWOu2ss4XJjKEfka0aT0R6OGnOmrtaHBiaSaXJfLGvQvhrrdp4f1SW/1FdkQTG/qRn0rh9X\r\n0HU/DeotDfQ4kQ9eoP41VvtTE6oicKOT9ahRs7nc63NBxlsz03/hHoPiPqeoy6ZfRQ5k8/BU8EgA\r\nio/DfhTVvC3jeykuIvPtYif9Kt+Y+eOT2rgNI1/UdIeQ2FzLD5uBJ5bY3qO30r0e98cWGqpp9xb6\r\nvPY+QMTafIh8qU9mGwdvepqLmg11MJupytR1TVjnfF1o9h431WO5iaOOS6kkjMikBkJyCPzro/CX\r\ninyLC70u5j861njKn2yMcV0WleJdNu4Lq88RTSyx8eXHc226EAdMR44P1rj5r7SPEks9vYWUWk6i\r\nzn7KYvlhufRSP+WbHsalU+VJ31OylWc6Psq0HZdSODxVcafqflQXPmxQwpFJFLyJUGf5Z617T4X8\r\nXWuuQJ5PyuIwJImbLIfX3X3rw3SfD1xq+m2srLa2d155Cfa3KyTAcFcY6e9XZIdR8N6pDG7tbEth\r\nLgPnjocEdxUtSg+ZHl1oqo2e/Q6mlzqxtYPnWJSJGHTd6Vr1yng+CL+yopouIyMRjdk4zyxP94nr\r\nXV110neNzzZqzsLRRRWxAUUUUAFFFFABRRRQAUUUUAUbmf5hCn3j1rP8kf2hdHLDzcKT6KB29OtT\r\nWv7uLzJf9cw59s1BNsimeR5MBgFPoMdzXnSnzu7N0rEV38lhPJ0Mska/QBgK+ZvFOri8+IOt3zjB\r\na6MSMeqKvy8flX0f4kuSmnRgdRPED+BBr5h8Z6bJovi7ULR2Y5k81WP8at8wP606W7R0UUrps1Yd\r\nXudQ8uw01PKhHU/1NdXpF5ceEraS7W5zKRz5nfFcNomqWthaN2m6nPeoL7WLjU5d8z/KOi1rtr1P\r\nap2n7r2Nu78Sapq2o3E4iVxMSZLb70ZU9RXHapbi2vpNkbRxk5RTzj2z7V7n8J9F0pLO41O9lidz\r\nHgCXGIx3615R49SO48S6h9gib7NFMTiPkAHoaumnuzixlSLbjFfCc3C3Fbuj3ttZz+ZPHk/wt1xX\r\nNxtitbTTA8uJ3x/dz0zUuOpeGraGte63dX7YaRhD2jHSvQvCPgaw1jwlealdzMl0ATA4bHlEDIJ9\r\nea4OOyh3Idi4rttI1T7HYJaWssuJmG4ev4VCWt2dtWbnS5YOw7UL/TL7+zb/AFuKWO5FqQxibadw\r\nJBOPcjNYJ1C51TXftWjWEt1BDGPMilXd5qjrvx/OovHj+brdrCZNnkWoVvTeSWI47/NXY/C3X9K0\r\nWxnhnjzLM4zKPT0NW9XY5laEHKKv5HafDnULeSKW2tdy2ssYurdX6xg8Mp+jCvQxXgdrrsfhbXY3\r\ntN0kcsc30jMhyo/SvZfDmpx6npUcycY4I9KKT5XyHj4qlyybWxs0UlFdRyBWJd+IrGx1OOwlb98w\r\nBOO2emavf2pY8/6XBx1/eCsOewjXWrrWt8VxFPHHCAVB8sDqwNYzqWWjBNHU0VHCu2FF9AKkrVAL\r\nRRRTAKKKKAOWguTcS465XBqrrlql9E1jPv8AJlTE2P7g/hHuatQQi3VAvUsMmob2bbL5h/1Uq+Wf\r\nZgePzryEdQy2cXmm2pkheNZUQSQyfejGMEH3FeSfGrQhBBpOpp/yyzYTH6cxk/hXsVy/leXLsYxS\r\nSKeOxPGfpzzXNePdLGteAdai2Zlig84evmRc5/FcitKbtJDTtqfPVppqbf3j8/pVxIba3lw23J6V\r\ni2urmKPy5P3gHSpZ9XSaLYkWD613cqsddKvrvoblzrc1inlWsmMjmspdT1Szs7o29w8cd6nlTEdX\r\nUHPNZDzgD3q9p2rXFgkiw7CH7SLmpXdl1aqqe6jL+YVIJMV3Oj+CrbV/Dl1q8msQW8sCPKbUr8xQ\r\nDPHPrXByfK1PcwfubM00v5vKWLzWwOgrtrC6+x3elgzJCPOVXkPYY5NedQjEo+fb71tO0ttLH5kr\r\nTYORluKiSO2hVctGew+K9O8GxxQWsu2WSVwDPayjzc9NzZ6muYu9Jn8O7rnTZotQ0wuoUxKBIHxy\r\nsinoawnub3VGjhudvnSSLHCncZPNejxeGrXQp4447v7RPbwKbq1OMS5bO4Z9Dg1N+Z7Gs4RpxVpa\r\nnEWVtq95NNeX+m3QsJ0/1nlHbtHv2x2r3PwE/wDoU8fb5WH4ivOdX+I8tnp9vLZfurleDGVwD/iK\r\n1vDHxR0+5s75msEtNVEW5Yx/qpyD2x0PNDSUlK55mJU/ZubWh6Rrmv2ehW3mTtmU/wCriHU//Wrz\r\njUvFGoavOyeY8cZ6QxPgVkT3UupXMtzcTbnYksaksoRdt5UW/wDeOB7nmuKtiJz0Wx85VxDm7LY1\r\nNMtDNOvyLLIzfLn7o/xr0qa12aJLH/y08vJPuOarado9tYww/u1E7YGfQD0/KtmRN0Lx+qEfnW2H\r\nouLfN2OujT5FqRWE63FrHIPofqOKu1i6G4UGLs0ayj8eD+orarsotuKubi0UUVsAUUUUAccs/wC/\r\ncdz0/nTtyTb4XTIZMpnv6iqKMI4lknfMgXBx7d6vK8Swebs5D5/GvHOsIJhaQRxGVsLHnfI/b3NS\r\nWyrJd3FtOmYrpDkexGD+lUb9fOW8B/1Zh5PqCKNIMsLYmdpJIpnKk903dPwq+wdGfNfjzwefCOv+\r\nRBIZtPuF821lPUrnBB9weDXIZNfT3xH8JR+I/CN0LCPNzZMbi2j7gj/WKPYjke9fNc9jc2koW5tp\r\nYSe0sZX+dehSqc0ddzBrXQZDCXNdP4a8NXOvXqWtuVDNxkrms3StPe9u44E4z1PoK9G0+xt9Di+0\r\npNiRU+9uxiluepSpKMfM43xBpGq+Hb2SwvoWil29e0i1ykhbzOa7vWdQ1LxLrEcXnT3kg/dQgtk8\r\n9hXK6tp81lePBPG0csZwynqDSg1dhiqMuRO+pUiQtitvSrb7RqVvE7xDc4AMv3R9fasu2GZAo78c\r\n13unppmgwrLPtkmI5c8/gKHqzSgkoeZ3Gq6N4L0b7Fc3G60eYZFxYy+ZHuHcjnFSX2saVpGiHUYJ\r\nvt6XELQ/b4mygxyFI6rIfevJ9V1T+170GKLyx0HvXcaloUHhWG1s7CZr7UbvEN5Yn/Uzxld2Pr6H\r\nselRdX2HOm0km7s4XU9XbV5440i8uNfuDvmvSNE+G9xZeFZNfnm/0ry+LcdlJGc+9aPhHQvC89k4\r\nj0yK7ljUSgyr82DyPfI6GtqPXNMvFm0201N9MncbDb3Lnym7YGelJxU7pszxMalSk6cVp1OUhsLx\r\n2xBbTy/9c4ifbtXo/hHwlJYt9t1FV87+CIHIAPr711unw+RYW0XynbGBkdOlXKKOEUHdu587DCxp\r\nyvcqZ33+z/nnHn8Sf/rVdrL06Tz57y56hrgxj6J8v881qVtDqzpMGD9xLDJ2inkgb/dY5H64rerI\r\neDz21G1+7uwyn3I4P5irVjcG4so5G4kIww9GHB/Wpp6OwF6iiitwCiiigDgpIds7xP3yfqCKuRxx\r\ntD5Xm4k35+opNRtRGu27b/lpiNhwfYg1lNcmHfFMjSGLGT0Ow/xV5Thbc607lrUPOjt2MDrny/Lk\r\nBTj2bjtVWHVov7QhsLhPss93zCd3HnBeQD3BHINWG1QQqknleZHH/rM/e2nuPp3qRbaFmjmtkWTy\r\n381Izjr2IPagCxD522YSuuS3Dx8ZBHOR65rhtb8aWGgX40jxHYS3FnL9yaSITRkehU8/lWzf6tqu\r\nnafcXj23meTIZDDwxkjyvAx3AzWb4r0Gw8c6FDcWtzgTDMUvYHtuHseDWkEuojn9b8B2T2H/AAkn\r\ngiVZYnjLSWYO8Fe5jJ54/umvMi1/frullyPQt/Su18Ia1qXw+1d9J1ZHiiEmJo+wB6SLWj8SfCsV\r\nvJH4n0qJRDNKBeLH0Vj0kA/un+dbappPY6sPW5XZmJ8Priz0XxHb3moReYIyNh/un1rN+KzWr+M9\r\nQmspVlhn2zAj1IyarTXot4vML89hXLajO0rAu2Sa0S1SOnFNcrnfW1hkB3MBW2+n3DKAbneB0zXP\r\nW03lyK3pW9BqYEOS3SqaXU5qFXRFqyspbe5jm+UhWBwa9gtfEfgi4ntdd1SPy9ZsYxjGfmIGB7Gv\r\nC21S4duJMD0FSKWmSSaRsKvX1JPQCo22R0z5ai1Z3d74ltrTWrlraLGUEkbxMQQx5x+tY8U11rep\r\nRxl2mup2AGeSTXKC5JbJ6mtLT9UuLG48yBtkv970rCcXc9LDV4QjpufQnw/OraJqcnh3VJPNjaDz\r\n7RzzgA4K16HdTpb2kszD5Y1J/KvEvDPxPjN5by6zJE7W6mNZEj/eEn+ld5deL9K1eyMVteJvEgYh\r\n+BIAc7ea6FP3dNz5/F4eq6rlb7jptEtHsdHggd8yYLOT/eYkn9TWpXBy/FHw9ZTfZ7yZ7eQcH92W\r\nX8CK6nS9YsNbsxd6bdxXMB43xtnn09quFrJXOSdKpDWSH/c17/rpbfyb/wCyqG3b7PrE9sW/dy/v\r\n4/5MPz5p123l6zph/vmRP/Hc/wBKyPE2taZpksD3N/FDeQZlSM8llxggjsDWbW7XRkJNuyOqpOnW\r\nvPP+FrabNZNcW8JaRWxsP681W0z4yaNeTGK7tri1x/Fwy/pWntY9zp+pV7NqJ6fkUVRsNRtdSto7\r\nmzmjngb7skbZBorQ5uVrcbqtguo2bxdG/hJ9a8/urrF6ljcK0OpxfdWReJh7eoPtXqFZmpaRY6xB\r\n5V7Argcq3RkPqD1FYVaKn6l06nKeefa/JbGxoyOQD29vcU6w1OK2by1/1PZP+ef09q2dX8KXUMDf\r\nZmlu092/e/8A164C9nvtNn/fxTxyr/z0iIEg9DkVxulJPY39omdlf3tv/wAtkxazZ2XEfQOR0b0+\r\ntRwQ27W8htniAl5mjH3ZCf4uOh9+9cjZeKdk7SW0yyQt96Ev0+lbul3NjJcTXVrBFHJJGI38tj0z\r\nnG3pS1EVdQ0V/GGlyWuqW32LV7fIiuRhllXswPcHuKseEorhvD0/h3xBbf6oGznHUSwkfLID/n7t\r\nWVvZZbt4liwM4BD/AO71H/Aqo/2vb65bteadc+VdwsYpDsy3yk/KVq7uwzw7xTbTaHrV3o83zSWc\r\npi8z+8Ox/Ec1zbMXbJr2XxXpkesvJNf2KOhA8nUrTmVcDpKvcV5ndeGr+GXEKrdRdpIjwf8ACuyn\r\nJWM6rqPcx9wAwRz61bEErQ+anzRZwT3H1ps+mX0B/e2sq/8AAKl0+Egknj2pzelx4alKdRRRo2Vt\r\nGOJeB3NepeHLTw3beGDqr2kM93b8skzfe54wDxXGeH7K3nd5rjkKeFPTPvWvrmtwNa/YYEVs9T2G\r\nPSuL2j1bPqVhotKCMvXbPR9UE+o6PD/Z1ynzSWW7MbD1jPY+35VxoYoa77QfDU/iCG6liPlx26Ek\r\nnoSBnbn3rk9Xt4LdLWSPeCQyS5/vBu3/AAEitabctzkxlOnQfuM3PDcNvDF9un2yHtntipNT8TyN\r\nc4gRfLWuVtpbhlkiiLYI5FI0cy9UanZ9CKdVbmvB5+ralHFGi+bNIAB2ya9f8B6Pf+E/H8Wmw+bP\r\nDLZCXUiP9VE5yVx9MYrwxJyrh1fBHII9a6D/AISvXbjW/wC0jfy/a5AI927AxjAGBUx913FiIyrx\r\n5U9D6O17XrWDWtKtklzLHckS/KcJlCBk4x3rwe+0bxVqmq3Wqarpt8VmmJmk8o9AegXrtFaMHiHU\r\n7OHz77XrokdEHT8K5m71W91G/aX7ROSx+UBiP0FVOSvcnCYCUG9UTXXiEW8X2WziWNBlTWRHL82f\r\nXtWz4k8JatoJilvYs+eivuXn73Y++ay7GCRbuEyR5QMMj2rNps9GhUS2eh7D4Es9T8L/ANnakZGb\r\nStTIinhb/llIfusPx4oroY/FOn6toKWKrmYhBjsCCCD+lFdkXZWufPYiLlUbmtT0miikqzzyKedY\r\nE3tXB+Ktc1aaCSGxl+zg8Zj6/nXaXcZkrButM37vkqrEXPnDVvB1x9okmEkokZ8kispbHxBpjZtb\r\n+dSP7jmvoe60IN/yyrDu/C27fiKj2aFzM8w0jxz4g0ub/iYQtdr/AHxxIP8AHpWmnjHSGeSR0aGV\r\nusgiMcnXOCR1rfvPCMrdIqxrnwTcN/yyrF4eMjRVWSQa/bR7p0uZZoWTPl8Y+o461Tv3sbxmnjdo\r\npP8AnpH8p/HFQN4I1HbiF2j+iZq1B4GvvNSRt3v2rH6u76G3tjMays2/efbJzJ6Bzk/lxWTCIoZr\r\nqOeFvMMhz5nUV6NZeEprdlLJ0rL8U+HjGv26L/Wj/WD1x3rT2MjpwuJSqHI+S9upNrKw3dRVbyLn\r\ndzEx96mkufLpn9oBeDWDpH0CxVkaS3d2nhz+z45GCyz+dIA2OgwBWxL4KvtS+Ei6xBC0k8F/LNjH\r\nLwkBSfwK5qn4W0258VatHYWfTrLJ2iXuTX0rp6W+nadb2FtDsggjESL7AYrenStqeNj8Xe0UfF1r\r\nM1vcc8djWg12je9e0eNfhX4dvHl1GyuJ9Nmblo44fNiJ9l4IryCbwrrcV20MGnXVwoOBIISAfzq/\r\nZsypYiPVmSEY7z6c1Zggkkh8xexrvvBXw2utT1MDXIrq1s+6RxHdJ7bu1VPE3hhvC2qzWjriPrG/\r\n/PSM9DUOkdFPFR5rJnLP9qmVA/IXpWpoWbfVre5eLIikBwfaofOC1atJgzVg4anq0asWj0f4h+IY\r\nde8Hu/lrGYmjC+u4kf4V5XZTlmWvRl8Eat4o8OQCxeKKPztzGXPOBiuh8PfCK3s2WXUpftMg/gjb\r\nav59a39m2cH1ilQvGL2MbwVp11danDaQWzElBLNOfuwqe31NFe1adY22n2whtbaK3iH8EdFa8p5d\r\nXGTlK5oUUUUzkGlQ1RmBGqaigCo9kjVXbT0/uVpUU7k2MdtJRv4Ki/sONv4a3aKLhYxRoMH92pP7\r\nEi7VrUUc7HYxjoif7NZmoeEoLxWBT8q6yin7RhY8T1f4KG8laSy1FrfPYxZFYY+Aeps/z6tGR/1y\r\nIr6HoqdOxqqtRKyZ594V+H0vh6ARxXnkf3hEuN319a7xLdFUA8kd6mop3M3rqys9hbyfeWmrp1un\r\nRat5ozRdhYrfZYx93iua8YeFY/FWlta3UOZF5hmj4kjP1rraWi4eh82/8Kb8X/aGCxWvk7/kczc4\r\n9xiuo0P4N3ELLJqtzkf887f/ABNe0/jRS07Gqr1Fsyjp1itjZx2qxpHDEMIg7Cr+BRS0GQlFLRQA\r\nUUUUAFFFFABRRRQAUUUUAFFFFABRRRQAUUUUAFFFFABRRRQAUUUUAFFFFABRRRQAUUUUAf/Z', 70.00, '车厘子含铁量特别高，位于各种水果之首。樱桃营养丰富，具有调中益气，健脾和胃，祛风湿，“令人面孔好颜色，美志性”之功效，对食欲不振，消化不良、风湿身痛等均有益处。', 68, 2);
INSERT INTO `product` VALUES (5, '芒果', 'data:image/jpeg;base64,/9j/4AAQSkZJRgABAQEASABIAAD/2wBDAAkGBwgHBgkIBwgKCgkLDRYPDQwMDRsUFRAWIB0iIiAd\r\nHx8kKDQsJCYxJx8fLT0tMTU3Ojo6Iys/RD84QzQ5Ojf/2wBDAQoKCg0MDRoPDxo3JR8lNzc3Nzc3\r\nNzc3Nzc3Nzc3Nzc3Nzc3Nzc3Nzc3Nzc3Nzc3Nzc3Nzc3Nzc3Nzc3Nzc3Nzf/wAARCADIAMgDASIA\r\nAhEBAxEB/8QAGwABAAIDAQEAAAAAAAAAAAAAAAQFAgMGAQf/xAA8EAACAgECBAMFBwMDAgcAAAAB\r\nAgADEQQhBRIxQSJRYQYTMnGBI0JSkaGx0RQzwWLh8JLxFSRDcoKDov/EABoBAQACAwEAAAAAAAAA\r\nAAAAAAADBAIFBgH/xAAwEQACAgEDAwIDBwUBAAAAAAAAAQIDEQQSISIxQQVRE2FxBjKBkaHB8BQj\r\nM7HRQv/aAAwDAQACEQMRAD8A+4xEQBERAEREAREQBERAEREAREQBERAEREAREQBERAEREAREQBER\r\nAEREAREQBERAEREARIur1tGkCm98cxwABkyLqON6Omr3gZ3Hkqnr5SGd9UM7pJY+ZnGucuyLSJRV\r\nceN1TWJWikHARycn6zYOLWnH2de4/EdjIo66iSzGWSR6a1d0XMSnTily5NtaOuduU4ImZ4yiglqL\r\nMjyIMzWqq8s8+BZ7FrEqKeOaZiosVqyzcvnj1MtlYMMg5B7iSV2wsWYPJhOEofeR7ERJDAREQBER\r\nAEREAREQBERAEREARI2o1mn0/wDdsAPl1MrLuO4OKaCQPvOcStdq6KP8ksEkKZz+6i21F9WnrNlz\r\nhVHnKDXcbusyumBrTz+8f4kHV6mzVXGyw5/COwHpNDEDGD88zlNf67ba3Cjpj7+X/wANnRo4x5ny\r\nzO7UtapTJIJyzMckzW1iHqObzB6TWxM1sCfWalamxvLZeVaxwbF1Bos5qzzZ/T0hL2UEjqT08ppK\r\nkDrt6T1uUbJkj1hXTXKZ7sRmb35yVJHMMNv1mxdQwXlySF2yZFYkZxMVPMQAMnHeZwvnF5yHBMmP\r\ne5DVq+ATkjHWbK9VZQgNN7I2MtynEr+bb5T3JyAdpLHV2ReU/wBTF1JrDOho9o7KmC6msWLj40OD\r\nLvR8R0msA9xcpP4Ts35ThCR05fU4mYZsLdnBBwCu282um9aug8WdS/nkqW6GuSzHhn0SJyHD/aG6\r\ngrXqA169M58U6jS6irVUrbSwKn8wfIzotLradTHMH+BrLtPOp9SN8REtkIiIgCIiAIiatRaKamc9\r\np42kss9Sy8Ix1Oor01fPYfkB1MotXxPVajK1/ZJ/p6/nGq1HvbSztk/tIlrZGxnOa71Cc8xrlhfL\r\nuzY0adLmSyyNYxDY7nuZlSpsUjPQzEsvKytWGY9G8o01nu35W7zmpTTn1Phmw24jwZvWV6mabMbY\r\nXBHfzm+58nrNJ7yvNxUsR7Hsc+TUY2x8oc7GY5zmeEqPSu0xZAVwZkDHXMAwSo2MQB8IzNV9FlKL\r\nYDlc8p9DJClq2DIwBO23WYahmsHISOQNnHnJk0jznJoHTbbM8YHbzxMsYgkTwyMUJLhebkB2Jz1n\r\nuXLNXWPAN8TzwgZ7gdMTAB13Tmz6CZLkYMgQxPIpG2/pN+i11+iYtp7OUnr3B+YmjT2+5tcMrAts\r\n38TFyDYzKpVfLyksJyqkpQbTMZRUlhrg6zhHHrNTYlOqROZjyhk2/SdFPm1dr1ur1sVZTkEdp2nB\r\nuKpr6grkLqAPEnn6idZ6V6h8ZfDsfUafWabZ1wXBaxETdFAREQBK3jDkVqg77yylXxhkTlLsFGO8\r\nqa5taeWCWj/IijZSd5oQuzlAPnJJ1en35GDfKRv6oLazcmVb1nHTrri095uot47GTsUbYdJFubmf\r\nmzNt+o5kyFx5yEGssc4QBPxZlXUNPhPgmrXlkj3+dm6iYPcQQD36Ez1KyOsysqW6so5wPxDtKfTk\r\nz6UzS9dxGVOR6TR7q7BxaVI6AjOZlTqLKLTVcCrD/wDQ8xLBSl7YcnAHbzkqzF8mUm491wVYbVpu\r\nUFg81ODCa9C3I2VbyYYk/UaVBUVbnwT8aHBMjPp6DVysOdlOzPuPkf8AaTKtPueKSa4Auz33nocH\r\nMhW0thjRgOvWsHv6SPVrFbY+FxsVYYIMwVWVlBrBaMZjnvIyW5GRjGOkyZzjCzzawbWm5LjSv2Vz\r\nhTv4Tjf5SGW8989ZsB8t5km49u4fPc9vYXP7zJNhOSWO5mOCOv8A3npBBx0M9BxnfMZbfJ5nC4PF\r\nOZM4bqhotdTf91Ww3yOxkTYiMZGJc0zcJqS8EU0pJpn0wHMSt9ntUdXwmhz8Sjkb5rtE7quxWQU1\r\n2Zz0ouMnF+CziJW8T4lXohyKOe5hkL5epnl10KYOc3hIQhKctsTbxDiFGgr5rSSx+FF6mchrdXdr\r\n7muuOOyr2UeUXvbqL2ttcszdSZhjGdzOI9S9Vnq3sjxD29/qbvTaWNKz3ZjjA/iMeEE4/PeZAcxx\r\n9MmYN+k1SLZk7FgQcHM2BBXWWA8KTTXk2LJqLzVuv+meNtvBjN7TEBXQOhyp6TA7SHprzpbzW/8A\r\nac/9Jk+wYxjfO4mM447djyUXF4Iev039TTlNrk3rPmfL6yFo9aCBnY9westgO7bmc77Q1to9Umtr\r\n/tWty2D8L9j9f3HrJ6MWf23+BNU0+hnR02o5RXXmTclc4zNWooSpg+B7s7BgMlc9c/TMgcP1YZAc\r\n9ZZPcF07E75E9U3W9rRHKEoS4K61+ZeQYzzEg8oB7b+f0kPU6avWbWj3WoUeG3H/ADIk++rUIfEF\r\nXbIHNIuopsexmFoPIvgCjdj/ABJVLLznBOtrWCp9/bo7zp9UMMN1YdGHmJMrvDDr9ZnbRVxDSmnU\r\n5B+44+JD5iUT/wBRoL/6fU7Ebqw6OPMSxGMbV7MiknFl+LAR1makDOSSZW0aoEDeS67N95DKDQJY\r\nOQO0yB6zSr59JkGywI+UjxyYtm4DGIGczDc8vi6GbBLdUcETZ0PsjxfQqg4Y9or1hd2VHGPeDPUH\r\nv8vSJo9k/Z5U1/8A47fcXZ62TT0lP7Qzu2fM/wCYnZ6Td8GOV4X+jR6jHxHg666wVVPYeiqSZyOo\r\ntLXGywczMct850fGLAmhcfjIWc3auTNB9ob3mNa8clzQxWHJmgDrNWGbOV5ZMWsMO/X9IekAeETm\r\nI1yayjYqxJkMkhcE+HymDqVwCdz2Am9kI67ek1FcZ/SeKXuSRYoBFgzJ1RK4wM+kg0jltUFsn1k4\r\nbJnudhPMtSyiO3krddQCzcvSZ8Ov95UaX+Ovp6iStQmadh8O8q3ZqrFur2dTkSSPUsMmh/chtLFt\r\nuu0jamlNdRbpXUmuwcrenr8x1m/Pv0rtIZQ6hsEYnqgKMDYSNdD+ZGnj6nF6W+7Q6xtHqD462xn8\r\nQ7H6zqNJYL7K1J8K+Jv8So9rtHhqtfUu6nD48v8An7zLhOtUqBnJPWbC1KytWRXJafXDKOmurF9R\r\nA+IbiU9iMrYwdpZ024Tm6ntI2r0tinmstxnfCiVINtZIKXseGVeqBpZbuxOCPIzXrdOvFNGa8gXL\r\n4q2PY+Ul2aem7C2FsDODnofOQdOx09vJYfEDjEsQfGY90WWlJYZz1Nr1OUsBDIcEeUtKNRkTP2h0\r\nWVXX1Lgnw2gfo0qarCBsZe6bY7kVHmLwXyWyRU/TeU1VxwJLR+ZSCcZ8pCqurkxbLVSDN1Nb33V0\r\nVjNljBV+sg0EKoHYCdp7K8KapBr9SuLHH2Sn7qnv8z+3zmw0uld1iiu3krXWquOWdDRUtNVdSfCi\r\nhR8hE2xOsSwsI0hRcY95ZqChfwKBhe3zlWysGnSavRLqPEGKPjr1BlJqKX07muwbjoR0InI+saKz\r\ne7X2b7/sbPTWxcVFGtVxgDPWbKxzKCepmAYYBmVb8o3JM1tUoRmk+xO8nr6dWzmRLtLg4B/OTvfZ\r\nGO812dM56dcSe2umccpCEpJkD3XK4OMYE3DYnP0mTYYnPUfxPQQi13Y5guxE1Uq1KTSfBK5Nmu3C\r\npzMOo2H+ZW3IATkEfSXFNBtYai8nGfhI3kbidXK/vF6Hv6yZ6eUK/ieP29zKqxKW0jcPfnrOmxlk\r\nyyeq9x9P8zaSF3bYfrK9net1srOHQ5UybSp1tYsXKKevN2/mYuLm00uSaccPd4ZG1Zr1FL0uPAwx\r\nkzja0u4drfdNnkzhSe8+jDRUrU1aruwwWbqTOQ4wtmltNiKrL0dHGRLlUJUvZLsyXT2RllRLrhlo\r\ntCN2Xt6y0vUXUkdxuDOW4VqwQCqqm/iAnRrqAlPOT06SpNOE2vDI74NSTRWPWQ3SQOKJ7t67gQC/\r\nhYd9u8m2Wta+AeplbqXbU3lK+YonQDpt1P7zOlPOWWOVjJv02NTp3pcZDrjE5axDptTZQx8SNjfu\r\nO06TT210kDnBMp/a3Q6m7UabWaJiotBSwcvcdD+8u6TLt2e5BqOI7jVU5k/RrZfYK9OjW2H7q7/9\r\npF4L7Oa3VupvtYr5dJ9N9n/Z+nRVr4Rmbqr0tzeZPg1lmrUVwReAeyxymo4mytjdaEOR/wDI9/kJ\r\n2UxRAowJnN1TRCmO2CNbZZKx5kIiJMRiR9Vpq9TWUsHyYdQZIiYzhGcXGSymeptPKOU1dL6W73Vm\r\nD3BHcTBvCP8AM6TUaOnUurWqSVGNj1Ehangytk6d+X/Q24/OcrqvQ7VKUqsNeF5NjXq4NJS7lKlm\r\nOkzLgg4PbrPNVo79KftayB+IbiaAROes+Np267Fj6lxKMllG3OBvnPWZVJ71SjHwzV1G02UNhvnM\r\nYy61uXAa4JenY2abDHxo3KxMi650WrkbcnoPKHuOmLOuPGuCD+8jLQbDz38yjqFP3v8AaXrNRvrU\r\nF3xhv+eWjGEEnufYr7GQE7/lLai86jSCwbN8Ngxg5/gyJq0FZ8GOU+U0aPV/0upBf+0/hf09fpIq\r\nJbZOL8lucfiwyu6LhWK4GAd9/ISj47o85IGciT9TrDWhFWOU7K/pKHV6xmY7szntjcyey1WYUfA0\r\n1U1LcVPDS1Opao9jiWzai2+wUaZTayj4U/zKtmKatLbV5WJ5WE6fQFVQcgAzvsOvrMNRJLqxkt2S\r\n2rOCMvDraa+fV2AFh8FR3H1/iKnSgBKKxWnkO/8AMttSPeaTpuso3BDSBy3fQhqk7E3Ihuiaa9kV\r\nFB5ubYdj0ljWF1H9MLBlecAn5/8AeQuIoxep+xXl+oP+83UBv6VuXPOp5gJbos22Qs8o8tjug0dn\r\nw7QJUB4QCJeUpyrNGm5XRbF6OoYfUZkxRtO9SXg5aTZ7ERPTEREQBERAE8M9iAYkBgQRkHsZA1HC\r\ndJdkhDWx7p/EsJ5Iraa7VtsimvmZRnKDzF4KC3glqZNNqt89jId2k1FA5rayAD8WxE6uar6Vuqep\r\n+jDE1Wp9E004NVrD8e2S1DWTT6uTma6uY+8bdzuuPuzJyLEBU+jL3BhebT2vRaPEpxDsEYu4yCMM\r\nZy8UlHa+PD+X1/nb6F7OXki2qHUqdpUalQmedgo9ZK1utdm91o0ewnYYkerhZdve8QfnYf8ApDoP\r\n5lfCTy2X6lsWZvHy8kPSJdqWavTZNZ35u0sH0qaWrPxudi8mgqiBKwFTyEwsHOpU9DMJ2pvCPXc5\r\nS9kcrxGvntJA7E/WS+Cak+BSSUYZHofKe8QoKFj05d8mV3C7WNporA5+bmQ+kupKyrBYk00dsXrr\r\n07NdYldZX4nbAnOavXoAx0lTXnzIIH8mbhoHvIbUuzkdjJVOkSsDAxKydcEvJXhFV55KIajV6tR9\r\nvSig5AWveTaNM6Vm2y6x8ZHkM4mfFtPRVyX0gK5fDgdG26/pMg3/AJFz3wf2llNSxjsJT44PoXB/\r\nFwzRE9Tp6yf+kSwEicPqNOk09R611Kv5ASZO9rTUEmcvJ5kxERMzEREQBERAE8nsQDyIxEA8xE9i\r\nAVXGNCb099UPtUG4H3h/MouRb2+1bKj7g6H5zspT8U4X7wm/SjFnVk/F6j1nO+relucv6ilZfle/\r\nzXz/AN/Xve0uo29EvwZUcqoSEUDm6EftNDD5zZzAsVsGMHcHtPGdDsQSR5TlJpS8mxjlEdjynfZT\r\n0PkZjfYlJ8bfIDq3yE2sjN12zvia660S1jyj3j/exk/KRpLsyZNELUaW3XlWsT3VAOcN1s8sznuI\r\nVNptdXanhZWx5TsGLMdzkyo43ojqKiUHiP7yzRclNLwTVz8MtuHWpqdKrEb4z8vSRdRawJXoPKRf\r\nZq167H01x8aNjE3axwrNkAGeWQ6v58iPiM2ROIAvon81ZSM/ObuDaW7Xa3T6JsEFw1nKOijc/wDP\r\nUSOBZqrF09CNbZacKg6kzvfZ7gqcKoLWEWaq3+446D/SPT95uPTNHK+S46V3/wCFXU6hVwfu+xcK\r\nuN5lETsTRCIiAIiIAiIgCIiAJ5PYgHkd57PIAiIgEHXcOp1gyw5LMfGvX6+codXw3U6bJes2Vj79\r\nfadZE1es9J0+pe/GJe6/deSxVqZ18d0cJ7zbf854z+HGd52Gp4dpNSc3UKWP3hsfzEg2ezelbPLb\r\nev1B/wATn7Ps7qIPoaa/L+fmbCGvqf3k0c170sCfhI85EutKnxsGE6hvZdD01bj/AOsTEeyOnY5t\r\n1dzf+1QP5kcPQ9Xn7v6om/rtOvP6HHe/5LzbUPGQBkzKinW8W1Hu9LW1rE+IqPCnzPQTudN7McKo\r\nIL0G8jvc3MPy6fpLeqpKawlSKiKMBVGAPpNpp/RJcfGlx7Ir2+oR/wDEfzKrgPAtPwirmH2mqcYe\r\n0j9B5D95cxE6GuuFcdsFhGrnOU3uk+RERMzEREQBERAEREAREQBERAEREATyIgCIiAIiIAnsRAER\r\nEAREQBERAEREAREQD//Z', 10.00, '芒果为著名热带水果之一，芒果果实含有糖、蛋白质、粗纤维，芒果所含有的维生素A的前体胡萝卜素成分特别高，是所有水果中少见的。', 9, 2);
INSERT INTO `product` VALUES (6725, '橙子', 'data:image/jpeg;base64,/9j/4AAQSkZJRgABAQEASABIAAD/2wBDAAgGBgcGBQgHBwcJCQgKDBQNDAsLDBkSEw8UHRofHh0a\r\nHBwgJC4nICIsIxwcKDcpLDAxNDQ0Hyc5PTgyPC4zNDL/2wBDAQkJCQwLDBgNDRgyIRwhMjIyMjIy\r\nMjIyMjIyMjIyMjIyMjIyMjIyMjIyMjIyMjIyMjIyMjIyMjIyMjIyMjIyMjL/wAARCADIAMgDASIA\r\nAhEBAxEB/8QAHAAAAQUBAQEAAAAAAAAAAAAAAwACBAUGAQcI/8QAORAAAgEDAgQEAwcDBAMBAQAA\r\nAQIDAAQREiEFMUFRBhMiYTJxgQcUI0KRobFSwdEVM+HwJLLxNGL/xAAaAQACAwEBAAAAAAAAAAAA\r\nAAADBQACBAYB/8QAMREAAQMDAgMGBQQDAAAAAAAAAQACAwQRIRIxBSJBE1FhcZHwMqGx0eEUM0KB\r\nFcHx/9oADAMBAAIRAxEAPwD3+lSpVFEqVKlUUSqp8SXv+n+Hr65zhliIX5nYfzVtWK+0m58rgEMA\r\nP+9cAH5AE/4oUztMZKq42BK8klQEHIqquo03JUbdatZm2qtuQTnY0gCyXVTOisgdBh4+ncUlcSIK\r\newaOQNp/5FTba0sns2BEguA+dRYaQmNvrmrk4yrjKqX51I4fxK64XeR3NrK8UqNlWU7ihBA0m3IG\r\nmSL6sCrA2Xi+iPAvjy38T2y21yyRcSRfUg5SDuP7ittXyNY31xw67juLaVo5EOpWU4INfRHgTxrD\r\n4p4d5cxVOIQqPNQfnH9Q/vTSnqNXK7dHY++CtjSpA5pVrREqVKuEgVFF2mSSJFGzyOqqoyWY4Aqi\r\n8Q+LeGeHYS1zKHmx6YVO5+favEvFX2hcS4/I0Yk8m2z6YUOB9e9AlqGx46qrnAL0vxJ9qPD+Ga4O\r\nHBbucfnPwA/3ryTjvjLi3HpSbm6dkzsgOFH0rPPI8jEscmnKuTSyWd79ygl5K6QzgsTk4qO7e9Th\r\nhVy3KoSR+dM2+mMfEaE3O6qnWsKySo0raULYzSq+shbDhMg8iJ2lAxIfihweQpVR8mcK6+oqVKml\r\ngBknAFdEjp1Kqm847ZWuQJDK4/LHv+/KqO58W3JJFvBGi9CxLGls/FqSA2c+58MrVFRzy5a1bKvP\r\nvtQ//Pw0dPMc/sKZJ4i4tKT/AOUU9lQCoF7LccSVBeyNOqHK+Z0PXFLKjj0D2FrWn5fdaTwiUixc\r\nB6rEFVPOosyDpWyksLUrhoEx7DFV03AbWXOh5E+Rz+1L2cRiO9ws8nBKgZaQVjJwBUVwJ4zGR6l3\r\nQ/yK0154YuxkwSRyjsfSaz1zZXVnLiWJ42B21CtsU7JPgcl81LPB+40hQUbSP5rgGSzdBRrmPSRK\r\nowr8x2NCJ0xhep3NHQFHYVYcE4zd8D4pDe2kpSSNsjse4PsagtTCuxIojTbK9BX1T4a8QW3iTg0N\r\n/bkAttJH1R+oq5r5z+zfxY3h3jqxzufuVyQkw/p7N9P4zX0JcXcFtatcyyqsKLqLk7YptBKHtud1\r\npa64RJZUhjaSRlRFGWZjgAV5j4x+1BLRXteEP6uTTkf+v+aznjn7QZeJyva2jNHaKcBc7t7mvNJZ\r\nXmcs5J3rLNUk8rFR8lsBSr/idxxCd5ZpGdmOSWOc1EC5NdUUTThwPasRKDuuMuCKehwM06RfSpq2\r\n4X4X4lxRVfQLeA8pJeo9hzNCfI1g1PNgiRRPldpYLlUra55BGnM/tUmNYxphjGoDn3Y9633D/BfD\r\nLSP8fXcufiLHSD9BV7b2Vpappt7aKID+lBn9aXScWiGGC/yTSPg8zsvIHzXnVpwyeRNSWcpz1CGl\r\nXp60qzf5Yn+K0DgrOrytxxHjUVoDHGPMm7DkPmazF3f3N2xM0zEH8oOB+lBdyeZNBYj50LiHFJql\r\n1r2b3D3lbKekZEL2uUxjtUd9t6OaBOjMpA2NKm7pg3CD98iiYFjuDmqrjnFJbHxRFdS3Ms1s6BMP\r\nsAh3GANudROLWNxJbzBpFjXHLB9Q9iKqvvR4nYfcJLoS3MSBY/w/UANsEkDV9KeU0IERzcHdLqsv\r\nMgIabhbT71BIwUMM0XyhjIFUXA+FTxQReeBkc2PM1plRQmBSudrY3aWm63xvJaCRZQmQjpUaaBJk\r\nZJUV1P5WGasmUVHdRVGPIRgQ4WKyd/4aiZH+6vpDb+W+4z3BrHXNtPaztFPGUcdDXqcgHTnVXxDh\r\n8PEIGjnXcfCw5qfanFNXuGJMhKazg0coLoeV3d0/C84Yb0Xy8RjPOpV3w2WyvDDKAVG4YDZhQ5eV\r\nN9YNiFy72OjcWOFiFCGVYEc62V/404heeFbHh7yny4QUJHNscs/IVjyuTR7X8VZLU/nGV9mHKjNc\r\nRsoCoru0ramOa4BRVjJyKZivLqqcgqba2Nxf3UcNtEZHYfQe5PSi8H4Nc8XuDHCNKJvJIw2Uf5r0\r\nXhXC4OFWwhgByfjkbmx96w1dY2AWGXJhQ8PfUnU7De/7KHwbwvacP0yXAW4uerMMqp9h/etCBmmq\r\nKfyrmppnyu1PK6iGCOFulgsEvlXetNGacD3oKKnClSGNs0q8VEck4xTSM53p2O/LNd0g8sge9Qnq\r\nVS9kzSDzrnl56UcJ7V0qMdc1W6812UKS3D8wKALGMPqCLnPPFWBFMNWEjhgK4eUJYwgwBTjypzbc\r\n6GzVM3yvRlNY0FsdaIzYoLmrtCI1R5Rn+9RX5VLcZBqLIprQwo7VU8Ts1vISh2Ybq3Y1jJ0eN2jc\r\nYZTgit7MPes5xuz1SfeV6bOO/Y03o5bcpSXjVCJI/wBQwZG/l+PoqHy8JvzoQJjmVwcEGpTGgMud\r\n6ZtK5RpUu4jAuPMUemUaxj35/vmoYhkkufKjQs7NhVHUmrAficPRusbY+hq+8NcKw/8AqUq8xpiB\r\n/dv7UKSYRNLytFNTOqJhGOvyC0PCuHpwrh8dqijOAzn+pv8AvKrBefL60INqYmig4FczK4vcSV2z\r\nI2saGtFgETpzrufeh6hSB96FZWsigjNPFBB7U9Dj3qtlUoy8smlSQZGcbdaVUIsh3U14kWQIh18s\r\nkdTRoYMsGChumgc/0p9m7xTo0aKWPpweuf8AvOpkVujF2w8TrzAb3wa3QQNlOpvft+f9JfJKW4KC\r\nbNkdVbYsNQB6Ux4G8tiAMLzIqyjtk0LJ5moZwQTvihXMYh1oc6XGAe1MDw5obqtYefogtmJNlTSh\r\nQilc5/NnvUdmXQBjDDr3qTOCilMjFV7t6t6USs0usmMQuF1jTGams1DLUMBaQF1jmhsTSLUwtVwF\r\ncLhO9RpedGY9zXYLSe9fRCm3VzyFGY0k4V9QaLlVkwoI4PecTjaOG3dwwxqOwH1rbWHALaFsyL94\r\nmHVvhHyFX0Fi7c8qo/KKaU9O8kWCxT17AC0C/mvLbP7Mr1wDeX8MI6iNSx/XaraL7M+EKo827upe\r\n+khR/FejLZjkR+tGW0QHZBj5U2FNK7rZc8I6dn8VgY/s74EsLooutLc/xKnp4XtLeFEhmlRVGlQd\r\n9q2BSCNjqZBnoSBXBDE3IoR7HNR9DrFnG6NFM2I6mCyxj+H5l3hlV/mMVCmsbm2P4kTAdwMit+bQ\r\nBttvahS2wBAxkHvWKXhAtcYW2PiLuuV56GBpwYd61N7wW3uDlV0P/UtZy74fPZMS66k6OKUT0ckJ\r\nyMJlFUxy4G6Erd9zRVOfpUcNRkwcfvWMhFcpUQLcsnqfalSh+LBPPqKVXbECLrO4m6uLYoJFDgnG\r\ncYOKsLeRGkEar6iNz3NVWl45NJUBl3360dLhNGlkIb2o9HKY3aXYsev0S+VmrIVnGBI2nYMCSD3o\r\nF2/nFVQHOdv8UOCceYryEiNQdJrslwI1jK4cn1DI5U9bI10W9vYWcMIcqu6UozRuQSDzFVr755bV\r\nMuGYHWxzqyRvUCTG+evKufqLF5TeAYQydxvihMfenMCQcdKETjbnQgFqCRO3OmM4Tc//AGuSOFG/\r\n0qVw2yN3J5so/CX9zRGtuo5waLlP4fw171hJNlYegHNq1Nrw4soRQI4xyA60Th9k7fiEAD8q1anR\r\nbxGSQABRk4p9RUALdcmAklVVuc6wQ1hgtIizlVQcyahTcft48iGF5SOp9I/zVRNxSW+mkJTYjCLn\r\nZF6/X3qGyMBEXwgfcZ+fOg1HFXAaaUWHfZSOjF7zbq6PFeIXG8PlIS2lYwMliahX3FLq8EahmXSM\r\nOqHGo5qUoxOiRMn3e1UEzY3y3X/vvUSdkfi7MsYYFs6QeZ/+0Koln0AGQ5Nj+PI4xv6q0TYw64bt\r\nlAkhb7xKzYj8rGxHq+X/ADUYly2Q7A+xxR5y007STZEjbHbrSt5nj+FgMbjaljyHP3Ns+fotjSQ2\r\n/VTE4jLZJD5V08pZcujbhT2q4sOLw3riGZRHP0HMN8qoYES4lPmGSQ4wiIN2P+KL5vlXokW3EYgG\r\nPLBz6vemtPWSw2dq5MY3+9vX+ljlhY/FuZaloFzsNu1Q7i1WQFSAQe4qpHFb0TBfN1M2ORGN+Qq0\r\ntuKLKdE4CHGdQ5U1bWU1QdJx5rIYpY87rL8T4O1uzS24ynVe1Vac8E9OtehTwAqcEYb61k+McP8A\r\nu5aWNMoTvjp70or+HmI627JnS1faDQ7dQomGOX1pUFGK7DYHn70qV3WwtyrcFcAljn+KfHM4BAOQ\r\nOeRUXX0pCTffl/NAY6xWcsVl96iVAiRKVG/mNkEmgs4fJdtA35VGEmMuBkchk8jQ3kHIZ7fOmPbk\r\njKG2KxwmyknfB9z3qHI3OjPJlSCx9h3qK7nFZX5K2MFk055GmnG5PSuFv1oUr7YrwDKMF2CBru5W\r\nNeXU9hWy4ZaRNGEA0qu2KpeC2oWMOw9T/sK19uIbW1eQ/CoLMcU14dB2r7nYJXXTW5QjSzwWFuXk\r\nOlB0HM/Kqi54xBxSxnto1aKXGU1HZsdKrI5143fyyXZeOIgpAVOyHoD86FbWyxW33psSxRShZlHQ\r\nVqqK2WTljA0G4/rqfDvQI6VjMvPNhASQiQMmC4/7iumUuxdmyR0PbtQmKiZ2yxQn6miSeSsmuIsY\r\nz/Vz+RpBpNjZMiBfZEuC1vI0Il2ZQWwdm6inM5W5cK4YDkw/N702WUxr5avsm3L4x86DbTDzj6Ry\r\nIwelXnsLgf8APBUa0lt1Yy3cU7GR4QjqgChTsx7mmRRa/Kcx+hVLMR+YCuTxloVkKhfwyAR+Yhsb\r\n0xbgx2zpq9TYX6Derl3NeTqL7b9UENxyJ8c0tvceZCQkmCc/0g01VlmmCLqO+WYDPzND87Qcr1+L\r\n/FS7GdILthKjPqTCb436ZryOz3BjnWF/69lWddoLgMqXcT2ccP3aCNmAx6yNye/zoUfkxhmVnZdO\r\nDkYyajOjxMQwcPj1KafLLI6jUwwoAVBsB9KLJO4uLnixGwtsgCPFgVb8MvVwsDliDspbp7VKurZZ\r\ndSkc+hqhiEYi3Zxck7LjZR3JrSxuJbdXGCcYOO9POHymeIxSZsPYWSdvZv1NWBv7U2d0yb6ScilW\r\nh49YCW3LKPUu4pUhq6cwylqcU8zZGAndUhb2rhchSNsGmE7E0wnesACJZPZjzPKhmQY2O9NY70Ni\r\nSNzVwrhqcSGxvuT+lBc+o4OaRYcsU3aiBWASY5x7UFEM9wqdGYU5zhSaLwpNd2SfyirjvUcbBa7h\r\nUAYqByXYii8evBbQrGkvlSKPMGOZIOw/v9KPwlRoZlAweveqnxLEWuWfOGUJpUn4gc5wPnT1odDR\r\nXbuUlbaSpAdsFURa3hk8sktnW4H5gO4qRZ3T2sU+pAYpk0upP6GoOuSJnABR+Rx79KIzxupGgK3c\r\nDGPbFJ2vLcg5CavYDgjBU37ujcLklKFLiJg2DtqQ7Zx86ZbWscsMrtMEZBnQeZ+VClcooiDmRgMM\r\nRywd8CmrIwIYgHmDkZrwlgcLt2FkMNfpNiiSSYCRmQyRoMIdtgTmmRBVmUE5Od/lXSgdCyMo07lS\r\nelDjI89SCMahQpMnPVXaOUhHmMhWPLEhiWA+tJWV8DBOkbnvQ5GUFVUEaRpbJ5mjKqrbDBCl1L79\r\nuQH81NOoqpw0KVa2BujETKFWQtgdRipt1bxxJEUkWSUIoBbbGOuOtD4LJiOVwPxNOhXY7KOpx/NC\r\n82ezuTNOPOmZBo8zmAeRx8qZMbFHAHW+Lc93vNvPdYXl7pCL7dO9MkkuDGzOMB29TnqfahaSToUF\r\ns9cYyaITrk864k8tuYUDJ/TpTpLkIf8AxUCnqzep/wBeQ+lYXgOuXH7+n3Rm3GAPsuvA0ZUyyBBj\r\n83P9Ku+E3tsYhbxu+vJwXGNR9qzSsxZsnUzcyd667tExCuHIxhl5A+1GpKsUz+0aMIcsHaDSTla2\r\ndBLC6kYPvSrltcLeWCTdWGGHuKVdJLDHNZ/glzHuZdqwxNNJpZ350wmuKC6MLhJ3obE08mht3FXC\r\nIAmk9KbmuEnnTS1XAVrJsrnTgAVP4IuqRzyOcVWynYGrLguAHJ/qzRLCyFKOUrc2JCKEzvjOMVQc\r\na4s1xcvBHFC8Mfpy65JPUg8xV1auVtHlxtoJB+lYxXEQfzIxI7HGGJ9PuN6c1kzmQNY02ulVJCHS\r\nucRey4JQz5YsM8+v80ZrZ2hjdWGhj6SwK5+Wef61Hj0F8PlV7D+1WNteWkCaEiuJk5kSOMD5D/ml\r\nUTWOvrNkylLm5YEGOFNDLdSvARup0ZDfOmZRx/ulSPyldjUxr6GWBxIzLMcaAiKEUfKoj3b6NDaW\r\nAPJRgf8ANXkaxowffjlDYXuOR79ExW2w+ADsDTSjRv6hjBzmu5SSRFJZdW2TvzrUx+HoJYrdZ5XJ\r\ni+LTsG7VWmo5Ki+jovJqhkFtXVUF1aNE+G+NuSgHJzyxTbgsLjQBgxgJg+w3rfNFGAvpXKjY45VR\r\n8Q4JazXD3heRDjU6p+bHb3plPwdzGkxm6ww8QDiA8Kls5JoUbyZBHthmJ2FFjVSshEoTAJMkhyzH\r\nsBzFQzMLl1RU8uMb4B5e9XUVzbcPtl0eRJJ0LEM2Pp/mskLA7Dnco6/ZGluMgZKqxbvksclRuWxj\r\nH1pxdkAGVOGGIyNjnrVs15Nc2zBbZhFzV5F1g/Wq5bhWjWIJD8YyxG5+tDkgjjPI7fwXjZHO+IbJ\r\n8fFp7eIxxRQA8ifL3HtUV53nJZ8F++AAPpRAI3uiWiypYgIr4J+RoU3l+ZhFZY+zHJoEskpaNTrg\r\nYt7wiMay+BlXXh+T8GaLorgjHLcUqb4cTT96c/D6Rk/WlXT8NN6Vmr3lK6r951veFlNW9LVUYucc\r\n64Jema5HQnzSpBINDYnqabrya4Xr0BHamsTmmE1x260JpOe9EAV0pTlRg8qsOCOdbrjO42qrdxoO\r\nDR+EXAW90E/EKIW8qHILgr0WF/NspIwfVoI/asOgypB/etdwuYRx4O68gRVJxmzjtJsAvrdi2CPT\r\npPLHvW6rBlgZIOiW0bgyVzD1UJ3L6QVXYBRgYz8+9HigtRchJ7sKoXMjIM4I/KO9RFG47CiNHHgl\r\nWyP639P7VgY4HJFytzm2wDZJtGo+USI85XVz+tPjjMrKUQEDcljhR3yaAJcyHy1Dt8th9KmyQAT2\r\n0UgJlZVLxg8yeRA5b9B0ojI9RuVVx04UZ5W84+Tu+r0sO/TAq44TxiSze4S/uNUSYCsTqOrsO9Ug\r\nuGiuZJI41QsCoUb6c7bHvTLhGhkWEEjSu5z8RPM/2okUphJe07ei8fC2QaHDf1W7teLW1+rGCTUV\r\n+IEYI+lQ5PENmwlSNyXQHTkbMR0BrNcKZxO4j1F2idfY7VFWQIwKrgjlg1tfxOXQ023WRvD49ZCm\r\ntfySEvMlsxO+PJx9KeLqA4LWiDPIpIRn6VDEzsmgDUnVSeR7ipVldpbTAvBHOg2KuM5+VLhJqNnH\r\n1F1rdHpGB6GynR8SMUQjjmuYUx8OQwpmIZHBNxgczqQjNR3cTymUQIiMToReS/KkymFs5jO24U5r\r\n17i4c2QPNBDADjBR5Y0J1JNGw9m5U+GIzyBE1yN3UZOahB3zjv0p9vO9tdrLHIVcOMY/MM7g0JoY\r\n5wuML1zHBuDla61tPudiIyfWfU596VPuXBIUfUUq6k6YwGMGAkzQXcx6rJcZ8NvBI03D/Uh3MRO4\r\n+R61m5PMhbTIjI3ZhivWLuyLggCs3xLhDyqQUDDsRyqVXB43kujx9ESCvcBZ+ViPP6ZpefnnUm+4\r\nNNCSURsdqqZBLCSHRxj2pLJw6WM5CaxVLHbFS/NHehPJ71Aa8UcyB86A/E4BzkH0BoQp39y0iYKw\r\naXfnsaFDdeRcpJn4W3+VVzcTgb4WJPspoL3DzHEaO3f00dtM44svHSt7165wq6xGMaSCAR7mrmez\r\ng4nbCObnzV15qfasD4XvZTaJHMpSSPbfqOlbixuBrOrZm5Ci0TtJNPKPBK6phB7RhWUvGgglZLZW\r\ndVJHmyDGrHYVBLPMSXOfftVhxO1ktL6WFiTHq1ICeYPUVBAbBZVIUc6Vygh5baybw2LARlSuFxma\r\n58pZyhI5LzPffptnepHEDB6zAoWNyBE45FR1zz55J/4qDHP5MEiRjDzDSzf/AM/0/wCaNYqlxdwv\r\nfM33VTpYk7AAbD+KPG8aBGNz17kJ7DrMh2CArCJ/MLBmH/t0pkCl5PxDjYkk1y4CEpoJORljjkaP\r\nbRK8E8khICxnSQM+rbA/mggEnSjEgNulaSypdhNTGPDaB0yRzH6UobWa51mKNnKguQozt1oLSMxg\r\nkM4IifQiHmBz29qm209zaXDTWj6GTJztjB6VewJaHXsqOuAS211FGAWYEgCiRuF0sCMt36ULdizH\r\nAJyTtToXUZRwCp6dc96zgC9kRwNlLjkYLjRnSdiOVJpSzMzDBJ3NKF/KjKxamRx5b4bGrPLI6UMy\r\nKEMekgg880RwsN0ADOyJrG4BP6b0+zi+88Qt4VOoatR25Y3P8VH80LEQq+s/mJq94VbNFC1w66ZZ\r\nUwvsO/1olNH2kgHQZKHO7s2E+isL640Ru4Ppx+lKqHjs0720ltZfiTspI9vnSphI2adxdHgLLDGw\r\nN5ivSSAelDaCN+a0WlXYrm1Ck4XbSjdBUCbwxZTc0H6VeUqqWg7qwe4bFZSXwNw+TOUX9Kin7O+H\r\nE/Cv6VtaVV7Fh6K/byd6xifZ7w9fyL+lSofBNhFyVf0rU0qgiYOihnkPVZq68KWzWbrBhJhvG2Ov\r\nvVDZ3bxkpINMkZ0uDzHtXoRGazHiPgryP/qVkv46j8WMD/cHce4pTxOic4dvD8Q38R+Fto6kftSb\r\nHb34qJf2qcVswFYLMgyjf2NZSQSKfutxqTyicKfymryx4gfSc6g3XtVjd2VrxNPxRpkAwJF5j50l\r\nc0VbdbMO+qZxyGnOl45fosYzA8gVNP8AOP3ZYR8KuW+pFTrrgV5bOfwjMnRot/2odxwye34Z97lj\r\nKAsEUNzb3x0rB2Erbgg+KZCeI2sbqtLasg8xyp4kZYzHnCnmPf3oDelwAK7NKHldlUKDyUch8qoB\r\nhGJBTlnjjQoyZbzFYMOgAII/epbvLEsiA6VdQGHcdKrioZgM79atCjT2cs5yTEy6sdjV7kiw3VH2\r\nBBQ5JkYn0YwF0HPLvQ2RvLEm2knHuKEZQRnAzXUkLAtucEZodr7qW07IiTvDKrI+ll61YWVuOJyt\r\nHEAs7Avg/C3ffpVVJl2BQL6jgKu+PpWq4Dw97CNrm42lcaVQ/lHXPua000Bkfpd8PVZqqRrGah8X\r\nRds+BJbsJbxlbSciMHI+po/ELpIoi5O+NgDzpXd9o1a8BR3PMUbgPCWvp14ldIRAhzbxMOZ/qP8A\r\namMUQe79PTjzPd4lLJJCB2sx99ys+A8J+7WpmukBuZ/U+fyjotKr3FKuohhZEwRtGAkr5XPcXE7r\r\ntKlSoqGlSpUqiiVKlSqKJUqVKoolSNKlUUWT454bZpHveGqFlbeSHkH9x2NUlvxBsMjFlkX06Dsy\r\nnsaVKuX4zAyBwmiwTunfD5HTMLH5tsreHiK6wpONs5zUi5EHELVreY5VhnnuD3pUqrTzOkbpdkK0\r\nsbWkObuszeeG7oDECxSAHOpNmPzBqsk4VfR4ElvNkDA9HIUqVBqKONgu0laaeskcbGyGlhccvu8u\r\ne2g71quBcKdbO7S9iKpcIE0nn86VKpQU7DJrPRSunfo096pZ/DXE1lZFWGZeQlMmNum1Ph8MXZjV\r\nLm6iiQbkRgsxpUq0uo4m3ICAK6V2FaWtjw/hW8ShpuXmybn6dqbfX4ij3YZPY759qVKsE0hHI3AR\r\n42anBzslTeEeH5b6RbvialYRho7dubdi3+K2KqAAAAAKVKuro6aOnjAYN/mkFRM+V5LuidSpUq1o\r\nC//Z', 3.00, '橙子（学名：Citrus sinensis 英语：orange），是芸香科柑橘属植物橙树的果实，亦称为黄果、柑子、金环、柳丁。橙子是一种柑果，有很高的食用，药用价值。', 2, 1);
INSERT INTO `product` VALUES (6726, '柿子', 'data:image/jpeg;base64,/9j/4AAQSkZJRgABAQEASABIAAD/2wBDAAcFBQYFBAcGBQYIBwcIChELCgkJChUPEAwRGBUaGRgV\r\nGBcbHichGx0lHRcYIi4iJSgpKywrGiAvMy8qMicqKyr/2wBDAQcICAoJChQLCxQqHBgcKioqKioq\r\nKioqKioqKioqKioqKioqKioqKioqKioqKioqKioqKioqKioqKioqKioqKir/wAARCAC6ALoDASIA\r\nAhEBAxEB/8QAHAAAAQUBAQEAAAAAAAAAAAAAAAIDBAUGAQcI/8QANxAAAQQBAwIFAwIFAwQDAAAA\r\nAQACAxEEEiExBUEGEyJRYTJxgRQjB0KRobEVJFIzYsHR4fDx/8QAGwEAAgMBAQEAAAAAAAAAAAAA\r\nAAQCAwUGAQf/xAAxEQACAgEDAwMCAwgDAAAAAAAAAQIDEQQSIQUxQRNRYQYiMqHwI3GBkbHR4fEU\r\nJMH/2gAMAwEAAhEDEQA/APpFCEIAEIQgAQhCABCEIAEIRxuUACF5r4g/jH0/pnV3YPS8cZohOmWY\r\nvpt+zff7rUeFfGvSfFmOTgTBmSwXJjvPqb8j3HyqY31yltT5LHVOMdzRokIQrisEIQgAQhCABCEI\r\nAEIQgAQhCABCEIAEIQgAQmp8iHGiMmRI2Ng5LjSzHU/HONAwt6ezzXg/U7gJPU63T6VZtlj+v8hi\r\nnTW3vFccmsSPNjutbb9rXlGf4u6nlvd/uHMB2DWbBUk3U8xtu/UPB99Swp/UdW7EINr54NuroNsl\r\n980j3ISxk0Htv7ryf+Lf8Qp+nsd0ToU7Wvc3/dTNO7Qf5Qe3ysB1nxL1eOFwwMlzXHYus2vPM3Nz\r\nRJIcxz5C+7cfdOQ1tmrq+1bc/PInfoY6W3a5Za+C/bPG3FDm05zxuVGx+s53R85mZ06Z+PkROtr4\r\nzRVR03LDqikf37lO50nlSkg6r4Su2cZ7WebuD3jwj/Hnp2WyHE8Vs/Rzmm/qmC43H3cP5V6ziZ+J\r\nnYzcjCyop4XC2vjeHA/kL4bfK46i4X7Urnwz4izukSgY2bLHG4+qIPOk/ha0b7IVt92hdUQlJc4R\r\n9pA3uF1eJ9M8WdRZjRyRZstFoIGrZaDp38Qc7HJGdomb/wB2xWbX9QaeT22RcfzH7Oh6iKzBpnpi\r\nFRdP8XdMzomuMvlOI3DldxyMljD43BzXcEG7W5TqKr1muSZj2U2VPE44FIQhXlQIQhAAhCEACEIQ\r\nAKh6x4h/QZBhhaCWj1OPF+yl9S63j4McjQS6UDYD3XnmZmyySukebLibtcz1nq8dNFV1S+5+3g1t\r\nBovVe6xcCut9cyuoy/vGm/ygcKhlnjaK1AHubTuS+R7tQ7cLP9eLGwtmgLmyE04LkNPW9ba5XT5f\r\n5nTv/rVJ1xyScjKewHyGh7u26zHUpetzvc4TiFvZrU03qOXBMXueWj2cEz1DrH7JkjBPvtta6CGh\r\njVj045fu+TE1Ov1E+zwvgYwG5M2RIzOyY42RjUXSHd3wAOSrnDwel5+O8BglAFyGQadI91n2PZPj\r\njIneBY2UaSctYae4xu2O+x+FpQqin25Qp6llmHZz8i8jo+E+V5DWRUTodr0kjsaUT/QJJHvMeUbH\r\nAcpU3TXZELJWFsR00xrzyFGwm5jsx8DTpdE3U4F21fdXtTfEO5eo0uOXwQJ+l5MRrYA7X7p84MXT\r\ncTXK0Pl55Vk3KjyCBILPsnf9PwZ2kk2/uHFR9WSX3FHpLPDKd3ijrEUDY8abQxnAaFEyvFXWssaJ\r\nciTb/jstQOmYjY6Y1uw5XMPp2LI5zHxNc0c2EpG3TJ59P8ic7L4rG94/eRek+Oet9JbEwvGVGR9J\r\nO4/K9W8G/wAU+pOdFEcH9s/U1z/8LzaToWMDqgHlkbnblWfhyZ+Jnt85mkNPKhL0ot3UR2v+QxCc\r\n7kqpPcvk+nOl9Xx+q4rZIXBryPVGTu0qevKcF73QibCyCGkbG97W78P9WOVjjHzJAclg7/zBaWi6\r\njK2Srujtfh+GI6vQ+knODyv6F2hCFtGWCEIQAJL3tjY57yA1osk9glLOdf6q5sD4oi0MuiL3cktb\r\nq4aSl2TLqanbNRRmesZbsrNkkjHpLiQVWPkaWgEW7gk8KRO15YXNOnvpUQBxGo8kcUvkVlsrZynL\r\nu2djVFKKS8DRxhudVtG90os2HjPOh4137hTJDIWj1WG7Ad/6JgkajwSdg4mqV0LNvYbg37kCbp2N\r\nOHMdEwDgEN3aqDM8Gl4lMOY147MLaC1j2+SS7U2S7BPP5UaQgg7AC7AHZamm6jdTxnKIT0tV3dGE\r\nh8K5Ja+EkFl7Mb6j+PZId4dmyMYY/TAWlg1kSODg8jf4W/lZlY2EY2lrGkAh2kWL+VB/TTCPX5bT\r\n7uaSFqLquWsv9fmULp1ai9qz/H/R5nl5c7cgR9TgMZj9PG34UiIYOVI0uZ6nUNT38fC23UvD+Jnw\r\n+dAXXw9sgBo/dZ7O8NMwZIfOYWxyu0tfE4bGuSDwPytSvXVze1Pn+aM+fT5xWY8/HkpMnF8vIDMf\r\nQ1pdTXize9J5nQMuIiafNhId/KCb/wDhX0eL0j/TYsXCwsxs2u5MqWNzg4Wdttmjj52+V3F6TM6Q\r\nGT0giibKLNWoY3NckY9PtsbSWMFC/prvUIskgnk0P8nhXnR+nZc8Qt0hHvpB2Vti9LZG4RBnpuzY\r\n5VyAIQ1riNPuOfyszWdVjKGyEefc0KOkxrebOfgrYvDAlj/dmN/J/wDSVieEI4snzYsiRxJ3bzau\r\n4mBoDq2PFp1goENFex7rGfUr0sJjD09UfwrBIw9OLjiKJ1lvApW2D1RsWTG6ZhaQdngcKmij0W47\r\n2OPdPtkl1Nbezfp+LUI9TujNN9vbBVZVGXB6V0zrMOc4xGRvmjij9QVmvNsLL8iSN8bxFJG6yS2w\r\nt10zqkfUYbbYeBv7H5C7npfVYar9nJrd4+f9HL6zSek90OxPQhC3jOBYjxABD1F8VADVruub3pbd\r\nYPrr9fVZXEn6yAQuW+p2lo0/OTT6cv2r/cVk0pyJDJILvsEiOGS/QN3cbdrT8TfNmaH7gmh7WrSL\r\nHcCQGksoDY7XdLidFpHqm5Sfn9ZNqVirWCgmwgz63gE877qDLDpcQHagOCNwtLNHiyMcwBj3wiiN\r\nN19tt1VZMBiZ+4RY5rv7K/UaP0syi8r4GKbm+5UFxEZZpbR71umyym+oWpJqKQPH1A2PZImy5JW+\r\nVIKY424gb/dIp5NBN+ERBE+WUAyaWUBRJoJwxBg0g38pZDBQYS73tFDvSm5MnuZHdribojaKc4E/\r\nKbfCMmVoeyx7KSWF7rAJA7rh2cpb3wWKXt3EuY2CJ0UcTfUKLa2G/P3TMTTEXOMbXurbVwPmlKaQ\r\n07tDh8rhaPZWO+bxl9iMXj+I1HG6RwkdZ1J6KGITn9SDpo0B79kqCBzvpBq9indDmmnD+yplY8kZ\r\nT5wmScSOF5DJHgNqtXNJDIg2Ut1bDukMivgbqZj4+pthwtLSlhCkmo5eRGigl+Q9osjZWEWAZWGw\r\nNtjR7/CIriP7setvF1sf/S9nVZFKTXDFXd7ERoLAC0A1vwtJ4UyNOe5khrU0gC9ru1QljRwOFIwJ\r\nvJzY3k8OH43V/TdW9NqoWeMlF8fVrcT0ZC4xwewOHBFhdX2TucmctYLqJ15jwaNu3Hdb08FYDOb/\r\nAL133XHfVUmqK0vc1OnfikNyzNfks0tAAIJAGwAVliFs74pxLTYwW6QKsqv4aQDRuwfwnMV5hDrI\r\nu727LA6c3XZhrKfLfzlY7GlOOY8HTjfpTIHymQvcB9PDf/xVOQ/ZwY6mt227qxy8v0ni/wDCpcqU\r\nlmkmze/ypa2VUI+nDt/ca08ZN5ZF88smL3AO2PbZNzOfNJG2mtHA4/uVzeR1NDi48NATfBIcK9lk\r\nLg1YxSefIuRr2NaH17ikgH5XLp4sgj4KCYzLTWurexf9F7gmiRgztbHPA/fUQ5l9j3XcyKMY0cjD\r\n+45xBHwodjzLbtXBSnyOeBqNqTbbTfsebPv3Ic1ny9Lo22K3ql3ynVuOeN0hj7bWx90oE0oM9xgf\r\nxsl8IEclmME0PZS3TQvhdHpDiTYd7KGXMcz0squ9pcY3squXfcLzim9xOxobGwVjjYbZmt1to3uQ\r\nq/Gl0A1sFPwHvMrqeSCODwP/ALuntK6sxjJZyIXOXLRcQ47YISyOhQJA5NqL5WR5D3Stt42FgWRf\r\nwuFkskrZRkaAaJBefT9h3T88we1sI9JcL1NPFdlrWuE4vhxUeFzw89v8Gcsp+5X5EFerj4TLHNja\r\n4ubZ7KbIf2wOSFCOxNrmNXWq7Mx8jMHlcmz6F1KPMxBDq/dhaA4HuPdWqynQmuM0UkbPVrokf8e6\r\n1a+qdG1Nmo0cZWd1+kYGqrjCx7ThFrCdTYWZzyOxW3yZv0+LLNV6Gk17rJdQb5j/ADDtrFrM+pIK\r\n2qMF3XIz0/Kk34Kp0g5s77cbJmSbnegFycuDNA7EkbqFJJZ3K4eOocFg364ZFSTOd6RbiVAmkLj6\r\nuR2TpcNXqND3UOZ5JLibvbdQ3Sm8sfqhhgJDG4PBohIkmfNpA3oGgE2471wk6iDbdirEhtRXckYc\r\nDJzKHv0lrbaK+opc2I6OAzNcNNgEd7USOR0b9TDwnJMl8sRYdhdlevOSLjPdlPgbHG66123HKSLP\r\nCV8Felg6w2N04HV2BrsmW82nG838KDK2TosiNjARGCQNwRYSGuuyBzum2M3+pp/Keg0O1B3I4Huq\r\nXwhZpLLQ9E43srPHyCHhpAAP1AjlVkY1Pc6M6Wg9ypEJOsDuV5C2VTymK2xTRcRz0XOcSWnsTwkt\r\nltzqGlvA+VCaWtIDbvfVZ59k6XDRzz/hNPVOSz7CLgkPghoIuwo+5cQ2vyllzG7xihQsfPumwNT1\r\nnXTU8JEoo13hhpGBI4gbv7fZXaq/D0ZZ0lpP8ziQrRfXukw2aCqPwjm9S83SGcqE5GLJEKtw2tUH\r\nUsR8MMZkaBt2WlUPqkPnYTtt27o6hpI3Vyl5x/klp7XCSXgwGWwW6rVVKNJNlXedGWSuA4PwqrIZ\r\nQNr5ddXicvg6yiRCOxvY1vRUabc21tNPZSpBQvbdRZxttajA0K+5GLtkMcxrreC4eyHMqMOB5SWO\r\nDb1N1XwmEN90ONJa4ubQHdI2Nkk3a7pc1geBt7pFiwRdoQJDrXOawgDY9yOE7BGJWve82BQH3UUu\r\nN0CaO5tPwzSMDmxi2neqUWnjgjJPHAtzA2csugDzXKU02boloO5rak05zy867s7rpkcLa2w070o4\r\nIYZJcWbaO3PylMF3psplgeBr0ghTcOaNsLmv2ddjblVTykUT+1cci2N0keY0i9xfdPs9RHc/CYmn\r\ndKGlxJ0gNaVYQtGOyN4okEEkqieE0KWNpZfcQzlSBZI1HtSjufqkc87W4kAJ5jgW78qKSyxeSH2N\r\nOktHF72O6ejisUBz2SICXj4Ct+lYn6jMjDh6QdR+wWno9J68oxj5FLJ7E2zR4MRgwIYjy1otSEIX\r\n1quCrgoLslg5pvLbYLhAc0gjYiiuoUzwxvWsN0E7rG3IPuFQTAFhAC9E6ngjOxi2vW3dp/8ACxGZ\r\nhuhkc0tIIO49lwfVenum5zivtZ0mg1CnHD7ooZmUSOyiP24FbUVZSxlxqt91XyjS4tPK5icNksG/\r\nW8kMs2NnjhciiEhIuqS3dxSbGzvn3U1nA2s4B7dDi27H3TYHq+E5Iwt3I5/ukduFJdia7HSbvulw\r\nv8t9ivskgkgA1S60HVYH9l4+x4+2BxxLnEk8oaBrsjbuhrSTfZLAoe6gVskv0knQbaePshoFEOu+\r\n1JqAF8rWP9IPurJnlwNeAxrtQqyLpU8J4YrN7eBhgLgGk7KUwuDAHEkdr4TLWuY2i2rF7hPgmg7T\r\nt2Cql7FE3kU02avlSGU0k137qOzdylQR65NNWoJNvCKJE3EYXUB3Ww6VifpsfU4et/PwFW9E6VuJ\r\n5m+kfSD3WhX0joXTnTBXWLnx/c53W3qT2RBCELqDNBCEIAFXdS6WzNYXNFSV/VWKFXbVC2O2ayic\r\nJyhLdE876h02SCRwcwg91nsuFzZHEt4NWvXcvChzI9Mzfs4chYzrnRGYcla2VJva4nqvR7K16lb+\r\n06XQ9RU2oy7mJc01dWmS3e64V7J0x8bi0tNdjShy4Lxey556e2C5RvRui/JXGzykEFSnQEGiKSPK\r\nP3VOccF6khlotOxkxuNUSfdKbHXZPQwGRxHwvG8kZSQy1tnflPMthurtL8vQ8i/hLZFubFnsoNt8\r\nFUpDda32f7lPNJZKHCnAf0Q2JwO7SU8yJx4Yf6Kt5fGCqTOXqN1ScZZFf0TkeLK7bSp+L0l0oGp1\r\nOO4sKyGlus/DEWnZGK5GceJ5FAXvsrDBx3jKa3SRuASRzv2Wm6V0THxsWN00YdJzv2T8fSWjP/Uy\r\nyag021gbQv5XVaf6esUYTfD4z8fr4MWzqEG2kWDWhrQ1ooDYLqELu+xgghCEACEIQAIQhAAq/q3T\r\nj1HF0sIbI020uG32VghV21xtg4T7MnCbhJSj3RR9O6D5cThn6XHsGk7JnN8KRzAuxpdLx9Idx+Vo\r\nkJX/AIGndarccr8y9au5T3JmFk8KZbjofC3XV2020/lQXeGM6MPc3Gc4AHal6QhIz6Jp5eWOR6rf\r\nHwjyAwPLqMFH2tWcPhnLdi+b5LtPNkdluZPD/T5Mz9S6I6rstBppP2VkAAKAoBZml+npbpPUyT9s\r\nf+jVvWHhemv3mBxvCeTPE13l0Pd239lPj8GyFw1uY2ud7tbBC1I9D0aSUo5Ep9T1EvODLs8IkyXJ\r\nMxre2kWVKb4Yije0NkBYOSW7q+Qmo9N0se0SiWtvl3kRYenYmP8A9OBl+5FlLhwsfHe50MQa5xsn\r\nlPoTqqrWMRXAs5zfdghCFYQBCEIAEIQgAQhCABCEIAEIQgAQhCABCEIAEIQgAQhCABCEIAEIQgAQ\r\nhCABCEIAEIQgD//Z', 8.00, '柿皮中类胡萝卜素、 总酚、 维生素 C 等活性物质含量极为丰富。陈栓虎等致力于对柿子皮综合利用和深加工的研究，先后成功研制了柿子果胶、 柿皮膳食纤维添加剂、 柿皮果冻、 柿皮果酒及柿皮软糖等产品，提高了柿子的经济价值 。', 7, 2);
INSERT INTO `product` VALUES (6727, '梨子', 'data:image/jpeg;base64,/9j/4AAQSkZJRgABAQEAYABgAAD/2wBDAA0JCgsKCA0LCgsODg0PEyAVExISEyccHhcgLikxMC4p\r\nLSwzOko+MzZGNywtQFdBRkxOUlNSMj5aYVpQYEpRUk//2wBDAQ4ODhMREyYVFSZPNS01T09PT09P\r\nT09PT09PT09PT09PT09PT09PT09PT09PT09PT09PT09PT09PT09PT09PT0//wAARCADIAMgDASIA\r\nAhEBAxEB/8QAGwAAAgMBAQEAAAAAAAAAAAAAAAIBAwQFBgf/xAA7EAABAwMCBAMFBQcEAwAAAAAB\r\nAAIRAyExBEEFBhJRYXGyEyZ0gaEUIjaRsQcWIzI0UmRCRKLB0eHx/8QAGQEAAwEBAQAAAAAAAAAA\r\nAAAAAAIDAQQF/8QAIhEBAQADAAICAgMBAAAAAAAAAQACESEDMRJBE1EEMmEi/9oADAMBAAIRAxEA\r\nPwD6chCERCEIREIQhEQhG6ERChEpTUa3JWKHuNTFfNeaOM8a0HN/szqHU9EC1zG4a5sXmM3lfRDX\r\nbsCV4n9pWiOp4ZQ1rWw6g/pJH9p/9qWXkHgz4ne3t9NV9tp6dX+9od+YVy4PLWsdqOX9HU6hIphp\r\nPlZdT2jzeSl/PiEODu1IWM1XbOgphVeIkzPgg/kYrHwbUhUtrDcHzVjXA4KqZj6lRJkIQE9kIQhE\r\nQhCERcvmf8K8X+CregoRzR+FeL/BVvQUIi6iEIREIQhEQhCERQUj6gYJJRVqCm2TnZYnuLzJN9lH\r\nyeQxP9nxx3WvrlxgGB4Ksuk3N0NGIF9wpNOZmFxZZ5ZT6CA9snAGQufx2k3W8G1WmFy+mYEbgSFt\r\nfSBFjBWSq97JYWFwNpAsAk6R93B5A1RdweppnH71CobHYFelfXEAA3XiuA0dXw/mDWURQqChWkh3\r\nSYmZC9VS0leqQXfcHcm6zPa8+5m1NqEkACSVpZIAJKWhpxTGZJySrw0DCfDBOsqlAz+iDYyLHeFJ\r\nAAMZ7pQ6bEQQqike6xlQgw4yO6uBBEhZDYzc3TU6haYOPHZXw8n0yOP6tUoUAhSrkkIQhbFy+Z/w\r\ntxf4Kt6ChHM/4W4v8FW9BQiLqIKEIiEIQiISkgAkmwUlZ9ZULKcDJS5ujcBts1WsXvJvAsApaBGb\r\nqhv0V7F52S5PboDROAYvhNNlAuFOYj5rA5FBEzcILAREKd0w8Fut+7FqjRaSLTBnyVgaASAYUgkG\r\nQiIJNro1rpYqzA3tsEA2ylmTYom47Jxs1STB7pDZ0pnG5SE2E2WZNoUEk3OVWSRJyBlM4iewVL3E\r\niBIG47pflqbVu09TqaQcj9FoXMo1OmoCLSuiCImV2+LPZ2lkaZkKsvGwJUF57CU7mEumwcz/AIW4\r\nv8FW9BQq+ZXk8scWBA/oq3oKFuOW/UauwhCE1kIQhEQVz9a7+IB2C3lc3VCa7lHzP/M2HurbEQrm\r\nkRCoBggK0T5rif8AK9Tr+I6Xh1FtTVVAwOMNAElx7AbqOFcW0fFabnaSoSWGHtcILfMLy/7RNNXd\r\npdLqmscaNIkPc0wWk4I/I/RcrkTU1qfHG0NOwOp1GH2hcbgC8juUwc3Y61fTRF+6B2CQGLKSTlG9\r\nS6nkEIMY2SB0GCpJuj5CRqLRZSfNJmTKXqSfPXubUxN5mAlJl3hlQXTukJtM7pXPtoUPJBmclVuI\r\nBBOPDdS4iTBzuinT6yCf5R9Up1t1qmiwvkmzTvuVsBMXMgeKqkDAEBO0yAr4ujQ0032sBlNZKAmH\r\nYqp2VuXzKPdfi3wVb0FCbmX8L8W+CregoV/GclbsIQhVlhQgmMqh9cCQy+0pXIPdobrnODRJICxV\r\nWCpULpIBKaS4yTJTBthdc+fk+XJg1Kyk0XAE+KfpEi6CYiwA7qDUFwfzU+TdsnF9I3V8K1Wnc0Hr\r\npmPMCR9V885BJ/eNoNopuEHyK+luqBwLZyIXzPk0+y5wDbC9QX+awdzA6vqPS0glQW2slDoO8qeq\r\n4ElGyXtBaSblKZEyrCQZJSmxsZGUrifVotUTfePBKTe91Y5ocLWJWdxLTBMqGYlTHTMXEHIjdK4i\r\nZSOeJg2KRzyd1Fz01AnANRwAxvOy0TAAAsFVQH3C4i5VouVbA5unk9gSTCuYLXSgQMJ2mYj6K2Ab\r\n7I1gCYWSg+SJVwkbnczH3Y4t8FW9BQjmY+6/F/gq3oKFfx+pW7CgkAEnZGyx6quSehkEbpssgLA3\r\nFWsajoYSGjPilAIykaBEyPknBERBnuFx5ZrOGpxfCsAndVjwTAm91haw6SDaFkrOImAZWtxBBIuF\r\nlq0Wubkg9wVmX+WlhqaoMdBMHK8Dw2q3T88h0gD7Q78jK9bxGlXaHFg62iQIyF8+1NWpQ459pdTe\r\n1oqglxaQPG6l4lVJzV9Xp6sOkgglW/aAN5mIG68lpOKNFIFh9o5x+6G7rq6anrqrhUeCATg2Ufy5\r\nHNRq7dOq52xg91oaCRsCcLPp6RaADBEiZWwAAQN+ytht6yPPVWQQceSR7Q4Fp/8AiucbE2MKlwAN\r\niY3hMn1Avu5uoa+i4zJacEqprupwA3MLpuhzYcJHYrnvpCjqw0fykSP/AAuPPDTs9XRjns03QZZo\r\nAwAmaNwkYZAVosujB+qbMNk4sFXnbdMCe0d1bFka0HspmUgMDumkExhWOyNzeZb8r8W+CregoUcy\r\nH3Y4sP8ACregoVvH6sbr1ninTJJjYea5okunPmr9bUlwpxYb+KoZLTm+8qXlduoxK0Abb4smFoJu\r\nkGxGUwmY3UEnKy5EhF4/VQCQCRmFIByTZbE0xY5VboIkiDiU8HslIMD81juLNVpNIsJnKrOhpVB0\r\nVKbHtkGHAEfkVsLZgqQFMxR2QlQzRUKYAZSpNjADQIVopgbQAnnIjZQZj5JnHXbdTAAXCOqM5Sgk\r\nSDcKCYB7HwTa/Vmu0kxOLqtxkG8jPmgm6RxAkk32tupruYoDjFifJLUb1iIuLiEFxAgYN5QHHIMK\r\nacmGim6LEXVwPdZXu6aggWIn5q1jpAUsM+6mTloBTTCRplEwuzF5TZwdgp6hi0hVyiRIKoMurFzI\r\nZ5Z4tB/2db0FCTmM+7XFc/0db0FC6PE8kyO2vUO6qzjkTbySiYEXKh5+9m0KQfGDuoZu209VjXWJ\r\ni4CdpJFt1VNyITAkG1tlPu5grhsYCae8qppmR2wnkQO/6piJycwVBO26WYMFTMZN0b7ETaCETObK\r\nCQTKCd0aLdUgzAuD5IImbqOoWJN0pcck52Q6smJgWN1X1w0iJPdDnRkzuqySSdp7JV/VuoJIH/aR\r\nxkZ3UucTbbskOB4qbNEmSBdHV4/JKTe2yWYKTL1aS6p3SGkGwKmi+YuqdWQKBmdoSaapK41Tyaqn\r\nS6YdbKcFZ2OkKwG678HZSZpvOxUzslBUg2VCSwcxH3a4r8HW9JQl5hJ/dvig2+x1vSULq8Lynl7t\r\nrrGLzGEAgjI8Z2T1QRUcCZg5VYIIwo5HbSZsAWztKYdhdIPO52TAgDxU5qwG5BMd0wcYvhVA/Oym\r\nQQIMoG3VaHSLb2RMG4NrKvqjJQXRvlG7dTzeUSSTCrDr3x4I6rnZGyNVkkbhISEpOAMpS6yxSNQT\r\nhQDZKT8+ygkTayS2lziTO6Uu27KCb90pWdiCTKgmQg/VBssTZaVGrdNGB3VOncAR3WlzBUkHEZ8V\r\nkDSx5aRcKOXid/KcTWroMdYYVod43WWm6wVzTKthyRrwUTukBTAiFYkbDzCfdvinwlb0lCXmE+7f\r\nE/hKvoKF1eH+smXu7Ospw8PAsRc+KzT+q6dZntKRbvkeBXMIIJnyS+THTuzF5SDJvaMIBEg9ylF1\r\nJKizxMXj8lPVOEpMnwCAbgRBU/uYmJsDP1QSTE4SGLo6rCY+Szfe2z9V4BsjqAmT5WS9UHc2UE7H\r\n5IGJiTEbhKSImfkoJUGwsiIJgAd/ooJtEXQUpN1n3FPmoOUICIiJukeQASdk8AZVFYkkCbLNW7mY\r\nbAmxN1FZoe2REj6qo1IVb68TfCq6DTYb3W0nWjsr2uXKOqDXycbrbRrNeAQZlQE3omS2gzumCpY4\r\nGIKsBVRkbFzAT+7vEx/iVfSUKOP/AId4n8JV9JQuzw/1p5e71eywaukWu9oMHPgt+yreA5pBEgiF\r\nXI2akHVyyEpKtrUzTeRkbFVEjsuPIR1UHcs57omROD2RFlAMb5UknKZgzCiZPgibgFKbGI3Stu5p\r\nE90EiUpMYRPZETTBQSQlReco9RSTJUIRPZEQeyMIBUOO6NwQ4gAlZKjiXErSQXC6rfStYJzB92LY\r\n3uKyVSSSug+iTsqn6cnZLlgswhc0gmcpBVq0DLDbscLpHTnsqn6WdlJ8T7JvkMafi1MkNqgsd4iy\r\n6lHUsqCWuBB7FcR+hDgZCpGirUjNGo9h8DZaGR7sdN2eOuB5d4n8JV9JQuDxPUa9nBtcyoWvadPU\r\nBJEEAtMoXd/GVx7TyO30w4SPNrJyq34XVQs1eHNgjyWE2JC21gYK51clpJGQoeTHc4zzKUgKqnXa\r\n4wbHxVkghcyanIGERIJElBA2KDbBSMxF4UC2VPzuo3ustgjdGd0IkDdZFIKMJC4AHCx6jiNGmS1h\r\nD3DYXhChbq2ucGgm1lQKoe6Bcd1gZUq6h0uMNnAwt9KnAATYY7d2Lq0MNu6cNBNglptJIgLXTpTc\r\nhdOOO5FqBQBOFJ04jC3Np2wmNO2FQwJXJuadODskOlB2XTNMKPZhDgWfJuX9lB2UHSDsup7Mdgj2\r\nY7Jfxk3ybzXHtIG8A4i+MaSqf+JQunzHTA5Z4qYxo63oKFXDEDkq3oEpEoQnks9VpIOFgr0iZwhC\r\nnlaWCtQO1vms3t69A3++3scoQufMqYzN4rQBh5LD2dhaGaui+7KjT5EIQuZ91Cb27M9QjzSVNXRY\r\nJfUa0eJQhKrNqxV+OaOlI9oHEbNElYavMFSpI0+nJ8XGPohCRWLOamu1Z/ivIaf9LbBbdLoCAJCE\r\nKnjxFsbrUNMGgAALbToE9kIXZgFJbTSoRC1MpwBhCFcCRa0NG8KenyQhNZKW+Sgt8kIREdHko6fJ\r\nCFkXM5lbHK/F8f0Vb0FCELSy/9k=', 5.00, '梨的果实通常用来食用，不仅味美汁多，甜中带酸，而且营养丰富，含有多种维生素和纤维素，不同种类的梨味道和质感都完全不同。', 4, 1);

-- ----------------------------
-- Table structure for shop_car
-- ----------------------------
DROP TABLE IF EXISTS `shop_car`;
CREATE TABLE `shop_car`  (
  `user_id` int(11) NOT NULL,
  `pro_id` int(11) NULL DEFAULT NULL,
  `cj_price` double(10, 2) NULL DEFAULT NULL,
  `cj_num` int(11) NULL DEFAULT NULL,
  `cj_amount` double(255, 0) NULL DEFAULT NULL,
  UNIQUE INDEX `user_id`(`user_id`, `pro_id`) USING BTREE
) ENGINE = InnoDB CHARACTER SET = utf8 COLLATE = utf8_general_ci ROW_FORMAT = Dynamic;

-- ----------------------------
-- Table structure for sys_menu
-- ----------------------------
DROP TABLE IF EXISTS `sys_menu`;
CREATE TABLE `sys_menu`  (
  `id` int(11) NOT NULL AUTO_INCREMENT,
  `ico` varchar(255) CHARACTER SET utf8 COLLATE utf8_general_ci NULL DEFAULT NULL COMMENT '图标',
  `menu_name` varchar(255) CHARACTER SET utf8 COLLATE utf8_general_ci NULL DEFAULT NULL COMMENT '名称',
  `parentid` int(11) NULL DEFAULT NULL COMMENT '父级菜单',
  `permission` varchar(255) CHARACTER SET utf8 COLLATE utf8_general_ci NULL DEFAULT NULL COMMENT '权限',
  `sort` int(11) NULL DEFAULT NULL COMMENT '排序',
  `type` varchar(255) CHARACTER SET utf8 COLLATE utf8_general_ci NULL DEFAULT NULL COMMENT '类型',
  `url` varchar(255) CHARACTER SET utf8 COLLATE utf8_general_ci NULL DEFAULT NULL COMMENT '链接',
  PRIMARY KEY (`id`) USING BTREE
) ENGINE = MyISAM AUTO_INCREMENT = 36 CHARACTER SET = utf8 COLLATE = utf8_general_ci ROW_FORMAT = Dynamic;

-- ----------------------------
-- Records of sys_menu
-- ----------------------------
INSERT INTO `sys_menu` VALUES (1, 'layui-icon-list', '系统菜单', 0, 'sys', 1, 'menu', '/');
INSERT INTO `sys_menu` VALUES (2, 'layui-icon-list', '用户管理', 1, 'sys:user', 1, 'menu', 'admin-web\\user\\user_list.html');
INSERT INTO `sys_menu` VALUES (3, 'layui-icon-list', '角色管理', 1, 'sys:role', 2, 'menu', 'admin-web\\role\\role_list.html');
INSERT INTO `sys_menu` VALUES (4, 'layui-icon-list', '菜单管理', 1, 'sys:menu', 3, 'menu', 'admin-web\\menu\\menu_list.html');
INSERT INTO `sys_menu` VALUES (5, NULL, '菜单查看', 4, 'sys:menu:select', 41, 'btn', '');
INSERT INTO `sys_menu` VALUES (6, NULL, '菜单添加', 4, 'sys:menu:add', 42, 'btn', '');
INSERT INTO `sys_menu` VALUES (7, NULL, '菜单修改', 4, 'sys:menu:update', 43, 'btn', NULL);
INSERT INTO `sys_menu` VALUES (8, NULL, '菜单删除', 4, 'sys:menu:del', 44, 'btn', NULL);
INSERT INTO `sys_menu` VALUES (9, NULL, '角色查看', 3, 'sys:role:select', 21, 'btn', '');
INSERT INTO `sys_menu` VALUES (10, NULL, '角色添加', 3, 'sys:role:add', 22, 'btn', '');
INSERT INTO `sys_menu` VALUES (11, NULL, '角色修改', 3, 'sys:role:update', 23, 'btn', NULL);
INSERT INTO `sys_menu` VALUES (12, NULL, '角色删除', 3, 'sys:role:del', 24, 'btn', NULL);
INSERT INTO `sys_menu` VALUES (13, NULL, '用户查看', 2, 'sys:user:select', 11, 'btn', '');
INSERT INTO `sys_menu` VALUES (14, NULL, '用户添加', 2, 'sys:user:add', 12, 'btn', NULL);
INSERT INTO `sys_menu` VALUES (15, NULL, '用户修改', 2, 'sys:user:update', 13, 'btn', NULL);
INSERT INTO `sys_menu` VALUES (16, NULL, '用户删除', 2, 'sys:user:del', 14, 'btn', NULL);
INSERT INTO `sys_menu` VALUES (17, 'layui-icon-list', '数据监控', 0, 'sys', 2, 'menu', '/');
INSERT INTO `sys_menu` VALUES (18, NULL, '数据监控', 17, 'sys', 171, 'menu', 'fgs-api/swagger-ui.html');
INSERT INTO `sys_menu` VALUES (33, NULL, '商品列表', 30, 'sys', 301, 'menu', 'admin-web/product/product.html');
INSERT INTO `sys_menu` VALUES (32, NULL, '订单列表', 31, 'sys', 311, 'menu', 'admin-web/order/order.html');
INSERT INTO `sys_menu` VALUES (31, 'layui-icon-list', '订单管理', 0, 'sys', NULL, 'menu', 'admin-web/product/product.html');
INSERT INTO `sys_menu` VALUES (30, 'layui-icon-list', '商品管理', 0, 'sys', NULL, 'menu', NULL);
INSERT INTO `sys_menu` VALUES (29, NULL, '接口管理', 17, 'sys', 172, 'menu', 'fgs-api/druid/');

-- ----------------------------
-- Table structure for sys_order
-- ----------------------------
DROP TABLE IF EXISTS `sys_order`;
CREATE TABLE `sys_order`  (
  `order_no` varchar(20) CHARACTER SET utf8 COLLATE utf8_general_ci NOT NULL COMMENT '订单编号',
  `user_id` int(10) NOT NULL COMMENT '用户编号',
  `pro_id` int(10) NOT NULL COMMENT '商品编号',
  `price` double(10, 2) NULL DEFAULT NULL COMMENT '成交价格',
  `num` int(10) NULL DEFAULT NULL COMMENT '成交数量',
  `amount` double(10, 2) NULL DEFAULT NULL COMMENT '成交总价',
  `create_time` datetime(0) NULL DEFAULT CURRENT_TIMESTAMP(0) ON UPDATE CURRENT_TIMESTAMP(0) COMMENT '成交时间',
  `schedule` varchar(255) CHARACTER SET utf8 COLLATE utf8_general_ci NULL DEFAULT '1' COMMENT '交易状态',
  `status` int(1) NULL DEFAULT 1 COMMENT '是否删除',
  PRIMARY KEY (`order_no`) USING BTREE
) ENGINE = InnoDB CHARACTER SET = utf8 COLLATE = utf8_general_ci ROW_FORMAT = Dynamic;

-- ----------------------------
-- Records of sys_order
-- ----------------------------
INSERT INTO `sys_order` VALUES ('20190307224391639', 39, 3, 3.00, 1, 3.00, '2019-03-10 23:18:16', '3', 1);
INSERT INTO `sys_order` VALUES ('20190307224391939', 39, 4, 3.00, 1, 3.00, '2019-03-10 23:16:17', '3', 1);
INSERT INTO `sys_order` VALUES ('20190307224392039', 39, 5, 3.00, 1, 3.00, '2019-03-10 23:16:20', '3', 1);
INSERT INTO `sys_order` VALUES ('20190307233764939', 39, 3, 3.00, 1, 3.00, '2019-03-10 21:01:26', '3', 0);
INSERT INTO `sys_order` VALUES ('20190307233765239', 39, 4, 3.00, 1, 3.00, '2019-03-10 20:02:28', '1', 0);
INSERT INTO `sys_order` VALUES ('20190307233765439', 39, 5, 3.00, 1, 3.00, '2019-03-10 20:02:19', '1', 0);
INSERT INTO `sys_order` VALUES ('20190310193634439', 39, 4, 3.00, 6, 18.00, '2019-03-10 20:02:13', '1', 0);
INSERT INTO `sys_order` VALUES ('20190310193635539', 39, 5, 3.00, 9, 27.00, '2019-03-10 20:02:17', '1', 0);
INSERT INTO `sys_order` VALUES ('20190313130047939', 39, 2, 2.00, 5, 10.00, '2019-03-13 13:54:22', '3', 1);
INSERT INTO `sys_order` VALUES ('20190313135362639', 39, 1, 2.00, 4, 8.00, '2019-03-13 17:22:40', '3', 0);
INSERT INTO `sys_order` VALUES ('20190313140348839', 39, 1, 2.00, 5, 10.00, '2019-03-13 17:22:37', '3', 0);
INSERT INTO `sys_order` VALUES ('20190313172460139', 39, 1, 2.00, 1, 2.00, '2019-03-13 17:24:47', '4', 1);
INSERT INTO `sys_order` VALUES ('20190313172460539', 39, 3, 3.00, 1, 3.00, '2019-03-13 22:08:56', '4', 1);
INSERT INTO `sys_order` VALUES ('20190313172460939', 39, 4, 3.00, 1, 3.00, '2019-03-13 22:08:57', '4', 1);
INSERT INTO `sys_order` VALUES ('20190313223480739', 39, 1, 2.00, 1, 2.00, '2019-03-13 22:34:57', '3', 1);
INSERT INTO `sys_order` VALUES ('20190313224331439', 39, 6726, 2.00, 6, 12.00, '2019-03-13 23:02:42', '2', 1);

-- ----------------------------
-- Table structure for sys_role
-- ----------------------------
DROP TABLE IF EXISTS `sys_role`;
CREATE TABLE `sys_role`  (
  `id` int(11) NOT NULL AUTO_INCREMENT,
  `is_enable` bit(1) NULL DEFAULT b'1' COMMENT '是否启用',
  `role_name` varchar(255) CHARACTER SET utf8 COLLATE utf8_general_ci NULL DEFAULT NULL COMMENT '名称',
  PRIMARY KEY (`id`) USING BTREE
) ENGINE = MyISAM AUTO_INCREMENT = 21 CHARACTER SET = utf8 COLLATE = utf8_general_ci ROW_FORMAT = Dynamic;

-- ----------------------------
-- Records of sys_role
-- ----------------------------
INSERT INTO `sys_role` VALUES (1, b'1', 'SYS');
INSERT INTO `sys_role` VALUES (2, b'0', 'AAA');
INSERT INTO `sys_role` VALUES (3, b'0', 'BBB');
INSERT INTO `sys_role` VALUES (4, b'0', 'TEST');
INSERT INTO `sys_role` VALUES (12, b'1', 'FGSSYS');

-- ----------------------------
-- Table structure for sys_role_menu
-- ----------------------------
DROP TABLE IF EXISTS `sys_role_menu`;
CREATE TABLE `sys_role_menu`  (
  `id` int(11) NOT NULL AUTO_INCREMENT,
  `menu_id` int(11) NULL DEFAULT NULL COMMENT '菜单编号',
  `role_id` int(11) NULL DEFAULT NULL COMMENT '角色编号',
  PRIMARY KEY (`id`) USING BTREE
) ENGINE = MyISAM AUTO_INCREMENT = 171 CHARACTER SET = utf8 COLLATE = utf8_general_ci ROW_FORMAT = Fixed;

-- ----------------------------
-- Records of sys_role_menu
-- ----------------------------
INSERT INTO `sys_role_menu` VALUES (146, 30, 1);
INSERT INTO `sys_role_menu` VALUES (145, 32, 1);
INSERT INTO `sys_role_menu` VALUES (144, 31, 1);
INSERT INTO `sys_role_menu` VALUES (143, 29, 1);
INSERT INTO `sys_role_menu` VALUES (142, 18, 1);
INSERT INTO `sys_role_menu` VALUES (141, 17, 1);
INSERT INTO `sys_role_menu` VALUES (140, 8, 1);
INSERT INTO `sys_role_menu` VALUES (139, 7, 1);
INSERT INTO `sys_role_menu` VALUES (138, 6, 1);
INSERT INTO `sys_role_menu` VALUES (137, 5, 1);
INSERT INTO `sys_role_menu` VALUES (136, 4, 1);
INSERT INTO `sys_role_menu` VALUES (135, 12, 1);
INSERT INTO `sys_role_menu` VALUES (134, 11, 1);
INSERT INTO `sys_role_menu` VALUES (133, 10, 1);
INSERT INTO `sys_role_menu` VALUES (132, 9, 1);
INSERT INTO `sys_role_menu` VALUES (131, 3, 1);
INSERT INTO `sys_role_menu` VALUES (130, 16, 1);
INSERT INTO `sys_role_menu` VALUES (129, 15, 1);
INSERT INTO `sys_role_menu` VALUES (81, 18, 4);
INSERT INTO `sys_role_menu` VALUES (80, 17, 4);
INSERT INTO `sys_role_menu` VALUES (147, 33, 1);
INSERT INTO `sys_role_menu` VALUES (128, 14, 1);
INSERT INTO `sys_role_menu` VALUES (127, 13, 1);
INSERT INTO `sys_role_menu` VALUES (126, 2, 1);
INSERT INTO `sys_role_menu` VALUES (125, 1, 1);

-- ----------------------------
-- Table structure for sys_user
-- ----------------------------
DROP TABLE IF EXISTS `sys_user`;
CREATE TABLE `sys_user`  (
  `id` int(11) NOT NULL AUTO_INCREMENT,
  `crate_time` datetime(0) NULL DEFAULT CURRENT_TIMESTAMP(0) COMMENT '创建时间',
  `is_enable` bit(1) NULL DEFAULT b'1' COMMENT '是否开启',
  `is_expired` bit(1) NULL DEFAULT b'1' COMMENT '是否过期',
  `is_lock` bit(1) NULL DEFAULT b'1' COMMENT '是否锁定',
  `nickname` varchar(255) CHARACTER SET utf8 COLLATE utf8_general_ci NULL DEFAULT NULL COMMENT '昵称',
  `password` varchar(255) CHARACTER SET utf8 COLLATE utf8_general_ci NULL DEFAULT NULL COMMENT '密码',
  `sex` varchar(255) CHARACTER SET utf8 COLLATE utf8_general_ci NULL DEFAULT NULL COMMENT '性别',
  `username` varchar(255) CHARACTER SET utf8 COLLATE utf8_general_ci NULL DEFAULT NULL COMMENT '用户名',
  PRIMARY KEY (`id`) USING BTREE,
  UNIQUE INDEX `username`(`username`) USING BTREE
) ENGINE = MyISAM AUTO_INCREMENT = 46 CHARACTER SET = utf8 COLLATE = utf8_general_ci ROW_FORMAT = Dynamic;

-- ----------------------------
-- Records of sys_user
-- ----------------------------
INSERT INTO `sys_user` VALUES (1, '2019-01-20 15:02:19', b'1', b'1', b'1', 'admin', '$2a$10$JQBrupqwErU0UxG1wiUHxeJVm0EYRtN1YL3YPsy8rheBePvmEAr2u', '0', 'admin');
INSERT INTO `sys_user` VALUES (19, '2018-12-21 04:54:10', b'1', b'1', b'1', '123', '$2a$10$PFcYhZtUKl2x2icANCEBQOaGED.MPeech4l8Yt9MtD4IQ20s6iwZS', '男', 'admin007');
INSERT INTO `sys_user` VALUES (20, '2018-12-21 05:08:15', b'1', b'1', b'1', '123', '$2a$10$L4JbT6PZnFLoqCcFR7TAC.4xk.StrSo03EZ4a19Wv2p.rjwS.Id0q', '男', 'admin008');
INSERT INTO `sys_user` VALUES (43, '2019-03-13 22:17:03', b'1', b'1', b'1', 'shoptest', '$2a$10$03XaDldX14xCgRqdByCRUuV4zWPZKc/u/XreW/u6ASb1k04L7TJWa', '0', 'shop1');
INSERT INTO `sys_user` VALUES (39, '2019-03-13 22:16:43', b'1', b'1', b'1', 'shop4', '$2a$10$nLCiR0ZfPKUsh78FMl7cHu/GayubRXgpICXk2QDlvQrc7viBfz8d2', '0', 'shop');
INSERT INTO `sys_user` VALUES (45, '2019-03-13 15:01:41', b'1', b'1', b'1', 'shoptest', 'shop123', '1', 'shop11');

-- ----------------------------
-- Table structure for sys_user_role
-- ----------------------------
DROP TABLE IF EXISTS `sys_user_role`;
CREATE TABLE `sys_user_role`  (
  `id` int(11) NOT NULL AUTO_INCREMENT,
  `role_id` int(11) NULL DEFAULT NULL COMMENT '角色编号',
  `user_id` int(11) NULL DEFAULT NULL COMMENT '用户编号',
  PRIMARY KEY (`id`) USING BTREE
) ENGINE = MyISAM AUTO_INCREMENT = 15 CHARACTER SET = utf8 COLLATE = utf8_general_ci ROW_FORMAT = Fixed;

-- ----------------------------
-- Records of sys_user_role
-- ----------------------------
INSERT INTO `sys_user_role` VALUES (12, 2, 1);
INSERT INTO `sys_user_role` VALUES (11, 1, 1);
INSERT INTO `sys_user_role` VALUES (10, 3, 20);
INSERT INTO `sys_user_role` VALUES (9, 2, 20);
INSERT INTO `sys_user_role` VALUES (8, 1, 19);
INSERT INTO `sys_user_role` VALUES (13, 3, 1);

-- ----------------------------
-- Table structure for user_address
-- ----------------------------
DROP TABLE IF EXISTS `user_address`;
CREATE TABLE `user_address`  (
  `user_id` int(11) NOT NULL COMMENT '用户ID',
  `address` text CHARACTER SET utf8 COLLATE utf8_general_ci NULL COMMENT '用户地址',
  PRIMARY KEY (`user_id`) USING BTREE
) ENGINE = InnoDB CHARACTER SET = utf8 COLLATE = utf8_general_ci ROW_FORMAT = Dynamic;

-- ----------------------------
-- Records of user_address
-- ----------------------------
INSERT INTO `user_address` VALUES (39, '重庆市巴南区重庆工程学院<>重庆市巴南区重庆工程学院');

-- ----------------------------
-- Procedure structure for getMenuListByUserName
-- ----------------------------
DROP PROCEDURE IF EXISTS `getMenuListByUserName`;
delimiter ;;
CREATE PROCEDURE `getMenuListByUserName`(IN name text)
BEGIN
		select t4.* from sys_user t1
		join sys_user_role t2 on t1.id = t2.user_id
		join sys_role_menu t3 on t2.role_id = t3.role_id
		join sys_menu t4 on t3.menu_id = t4.id
		where t1.username = name;
  END
;;
delimiter ;

SET FOREIGN_KEY_CHECKS = 1;
